SLUG,URL,NAME,CREW,LENGTH,WINGSPAN,HEIGHT,EMPTY_WEIGHT,MAX._TAKEOFF_WEIGHT,POWERPLANT,MAXIMUM_SPEED,OPERATIONAL_RANGE,SERVICE_CEILING,CLIMB_RATE,WING_AREA,TAKEOFF_DISTANCE,ENDURANCE
bell-206,https://globalmilitary.net/aircraft/bell-206/,206 JetRanger,2,12.9 m (42.2 ft),10.2 m (33.3 ft),3.9 m (12.9 ft),"1,737 kg (3,829 lbs)","2,495 kg (5,501 lbs)",1 × turboshaft Allison 250-C30 485 kW each,226 km/h (140 mph),624 km (388 mi),"4,572 m (15,000 ft)",6.9 m/s (22.6 ft/s),,,
cessna-208,https://globalmilitary.net/aircraft/cessna-208/,208 Caravan,1–2,12.7 m (41.6 ft),15.9 m (52.1 ft),4.3 m (14.2 ft),"2,073 kg (4,570 lbs)","3,970 kg (8,752 lbs)",1 × turboprop Pratt & Whitney Canada PT6A-114A 505 kW each,344 km/h (214 mph),"1,980 km (1,230 mi)","7,600 m (24,934 ft)",3.9 m/s (12.8 ft/s),26 m² (279.9 sqft),,
cessna-210,https://globalmilitary.net/aircraft/cessna-210/,210 Centurion,1,8.6 m (28.2 ft),11.2 m (36.7 ft),3.0 m (9.7 ft),"1,045 kg (2,304 lbs)","1,814 kg (3,999 lbs)",1 × piston Continental TSIO-520-R 231 kW each,378 km/h (235 mph),"1,667 km (1,036 mi)","8,230 m (27,001 ft)",4.7 m/s (15.4 ft/s),16.3 m² (175.0 sqft),"658 m (2,159 ft)",
bell-407,https://globalmilitary.net/aircraft/bell-407/,407,1,12.7 m (41.7 ft),10.7 m (35.0 ft),3.6 m (11.7 ft),"1,210 kg (2,668 lbs)","2,722 kg (6,001 lbs)",1 × Allison 250-C47B 606 kW each,260 km/h (162 mph),600 km (373 mi),"5,700 m (18,701 ft)",,89.4 m² (962.3 sqft),,
cessna-421,https://globalmilitary.net/aircraft/cessna-421/,421 Golden Eagle,,11.1 m (36.4 ft),12.5 m (41.1 ft),3.5 m (11.5 ft),"2,042 kg (4,502 lbs)","3,379 kg (7,449 lbs)",2 × pistons engine Continental GTSIO-520-L 280 kW each,474 km/h (295 mph),"2,754 km (1,711 mi)","9,205 m (30,200 ft)",9.9 m/s (32.5 ft/s),20 m² (215.3 sqft),,
bell-429,https://globalmilitary.net/aircraft/bell-429/,429 GlobalRanger,1,12.7 m (41.8 ft),11.0 m (36.0 ft),4.1 m (13.3 ft),"1,925 kg (4,244 lbs)","3,175 kg (7,000 lbs)",2 × turboshafts Pratt & Whitney Canada PW207D1 466 kW each,287 km/h (178 mph),720 km (447 mi),"6,096 m (20,000 ft)",,,,
cessna-441,https://globalmilitary.net/aircraft/cessna-441/,441 Conquest II,,11.9 m (39.0 ft),15.0 m (49.3 ft),4.0 m (13.2 ft),"2,577 kg (5,681 lbs)","4,468 kg (9,850 lbs)",2 × turboprops Garrett TPE331-8-403S 474 kW each,547 km/h (340 mph),"4,064 km (2,525 mi)","10,668 m (35,000 ft)",12.37 m/s (40.6 ft/s),23.6 m² (253.6 sqft),"751 m (2,464 ft)",
citation,https://globalmilitary.net/aircraft/citation/,500 Citation I,,13.3 m (43.6 ft),14.4 m (47.1 ft),4.4 m (14.3 ft),"3,008 kg (6,631 lbs)","5,375 kg (11,850 lbs)",2 × turbofans Pratt & Whitney Canada JT15D-1B 998 kgf each,665 km/h (413 mph),"2,459 km (1,528 mi)","12,497 m (41,001 ft)",13.8 m/s (45.3 ft/s),25.9 m² (278.5 sqft),,
bell-505,https://globalmilitary.net/aircraft/bell-505/,505 Jet Ranger X,,13.0 m (42.5 ft),11.3 m (37.0 ft),3.3 m (10.7 ft),"1,669 kg (3,680 lbs)","2,030 kg (4,475 lbs)",1 × turboshaft Safran Arrius 2R 377 kW each,232 km/h (144 mph),617 km (383 mi),"5,670 m (18,602 ft)",,,,
a1-skyraider,https://globalmilitary.net/aircraft/a1-skyraider/,A-1 Skyraider,1,11.8 m (38.8 ft),15.2 m (50.0 ft),4.8 m (15.7 ft),"5,429 kg (11,969 lbs)","8,213 kg (18,107 lbs)","1 × Wright R-3350-26WA Duplex-Cyclone 18-cylinder air-cooled radial piston engine 2,000 kW each",518 km/h (322 mph),"2,118 km (1,316 mi)","8,700 m (28,543 ft)",14.5 m/s (47.6 ft/s),37.2 m² (400.3 sqft),,10 hours
a10-thunderbolt-ii,https://globalmilitary.net/aircraft/a10-thunderbolt-ii/,A-10 Thunderbolt II,1,16.3 m (53.3 ft),17.5 m (57.5 ft),4.5 m (14.7 ft),47 m² (505.9 sqft),"11,321 kg (24,959 lbs)","22,680 kg (50,001 lbs)","2 × turbofans General Electric TF34-GE-100A 8,224 kgf each",McDonnell Douglas ACES II,675 km/h (419 mph),"4,150 km (2,579 mi)","13,716 m (45,000 ft)",30.0 m/s (98.4 ft/s),
a3-skywarrior,https://globalmilitary.net/aircraft/a3-skywarrior/,A-3 Skywarrior,3,23.3 m (76.3 ft),22.1 m (72.5 ft),6.9 m (22.8 ft),75.4 m² (811.6 sqft),"17,876 kg (39,410 lbs)","37,195 kg (82,001 lbs)","2 × Pratt & Whitney J57-P-10 turbojet 4,762 kgf each",,980 km/h (609 mph),"4,667 km (2,900 mi)","12,000 m (39,370 ft)",,
a37-dragonfly,https://globalmilitary.net/aircraft/a37-dragonfly/,A-37 Dragonfly,,8.6 m (28.3 ft),10.9 m (35.9 ft),2.7 m (8.9 ft),17.1 m² (184.0 sqft),"2,817 kg (6,210 lbs)","6,350 kg (13,999 lbs)","2 × turbojets General Electric J85-GE-17A 2,586 kgf each",Weber M2F2,816 km/h (507 mph),"1,628 km (1,012 mi)","12,730 m (41,765 ft)",35.5 m/s (116.5 ft/s),
a4-skyhawk,https://globalmilitary.net/aircraft/a4-skyhawk/,A-4 Skyhawk,1,12.2 m (40.1 ft),8.4 m (27.5 ft),4.6 m (15.0 ft),24.2 m² (259.9 sqft),"4,750 kg (10,472 lbs)","11,136 kg (24,551 lbs)","1 × turbojet Pratt & Whitney J52-P8A 4,100 kgf each",Escapac IC-3,1077 km/h (Mach 1.08),"4,063 km (2,525 mi)","12,880 m (42,257 ft)",43.0 m/s (141.1 ft/s),
a-40-mermaid,https://globalmilitary.net/aircraft/a-40-mermaid/,A-40 Mermaid,8,43.8 m (143.8 ft),41.6 m (136.5 ft),11 m (36.1 ft),200 m² (2152.8 sqft),,"86,000 kg (189,597 lbs)",2 × turbofans Soloviev D-30KPV 117 kN each,,800 km/h (497 mph),"4,100 km (2,548 mi)","9,700 m (31,824 ft)",30.0 m/s (98.4 ft/s),
a5-vigilante,https://globalmilitary.net/aircraft/a5-vigilante/,A-5 Vigilante,"2 (pilot, bombardier/navigator)",23.3 m (76.5 ft),16.2 m (53.0 ft),5.9 m (19.4 ft),65.1 m² (700.7 sqft),"14,870 kg (32,783 lbs)","28,615 kg (63,085 lbs)","2 × turbojets General Electric J79-GE-8 9,786 kgf each",North American HS-1A,2123 km/h (Mach 2.12),"1,804 km (1,121 mi)","15,880 m (52,100 ft)",40.6 m/s (133.2 ft/s),
a-50-mainstay,https://globalmilitary.net/aircraft/a-50-mainstay/,A-50 Mainstay,"15 (5 flight crew, 10 mission operators)",46.6 m (152.9 ft),50.6 m (166.0 ft),14.8 m (48.6 ft),300 m² (3229.2 sqft),"61,000 kg (134,482 lbs)","190,000 kg (418,878 lbs)","4 × Soloviev D-30KP turbofan engines 12,000 kgf each",,900 km/h (559 mph),"7,500 km (4,660 mi)","15,500 m (50,853 ft)",,4 hours
a6-intruder,https://globalmilitary.net/aircraft/a6-intruder/,A-6 Intruder,"2 (pilot, bombardier/navigator)",16.6 m (54.5 ft),16.2 m (53.1 ft),4.8 m (15.6 ft),49.1 m² (528.5 sqft),"11,630 kg (25,640 lbs)","27,500 kg (60,627 lbs)","2 × turbojets Pratt & Whitney J52-P8B 8,436 kgf each",Martin-Baker Mk 7,1040 km/h (Mach 1.04),"5,219 km (3,243 mi)","12,400 m (40,682 ft)",38.7 m/s (127.0 ft/s),
a7-corsair-ii,https://globalmilitary.net/aircraft/a7-corsair-ii/,A-7 Corsair II,1,14.1 m (46.1 ft),11.8 m (38.7 ft),4.9 m (16.1 ft),34.8 m² (374.6 sqft),"8,840 kg (19,489 lbs)","19,050 kg (41,998 lbs)","1 × turbofan Allison TF41-A-2 6,795 kgf each",Escapac IG-2,1123 km/h (Mach 1.12),"2,485 km (1,544 mi)","12,800 m (41,995 ft)",76.2 m/s (250.0 ft/s),
a1-cm-furia,https://globalmilitary.net/aircraft/a1-cm-furia/,A1-CM Furia,,,2 m (6.6 ft),,,,6 kg (13 lbs),1 × electric motor,,130 km/h (81 mph),200 km (124 mi),,,3 hours
aw129,https://globalmilitary.net/aircraft/aw129/,A129 Mangusta,2,12.3 m (40.3 ft),11.9 m (39.0 ft),3.4 m (11.0 ft),"2,530 kg (5,578 lbs)","4,600 kg (10,141 lbs)",2 × turboshafts Rolls-Royce Gem 2-1004D 664 kW each,278 km/h (173 mph),510 km (317 mi),"4,724 m (15,499 ft)",10.2 m/s (33.5 ft/s),,,
a400m-atlas,https://globalmilitary.net/aircraft/a400m-atlas/,A400M Atlas,3–4,45.1 m (148.0 ft),42.4 m (139.1 ft),14.7 m (48.2 ft),"66,500 kg (146,607 lbs)","141,000 kg (310,851 lbs)","4 × turboprops MTU-Rolls-Royce TP400-D6 8,203 kW each",780 km/h (485 mph),"3,300 km (2,051 mi)","12,500 m (41,011 ft)",,221.5 m² (2384.2 sqft),"1,150 m (3,773 ft)",
a900,https://globalmilitary.net/aircraft/a900/,A900,,1.8 m (5.8 ft),2.1 m (6.8 ft),,,25 kg (55 lbs),1 × 100cc two-stroke boxer engine,100 km/h (62 mph),200 km (124 mi),"3,000 m (9,843 ft)",,,,4 hours
ac-130-spectre,https://globalmilitary.net/aircraft/ac-130-spectre/,AC-130,7,29.8 m (97.8 ft),40.4 m (132.5 ft),11.7 m (38.4 ft),"33,063 kg (72,891 lbs)","70,307 kg (155,000 lbs)","4 × turboprops Allison T56-A-15 3,661 kW each",669 km/h (416 mph),"4,800 km (2,983 mi)","9,144 m (30,000 ft)",,162.2 m² (1745.9 sqft),,7 hours
ah-1-cobra,https://globalmilitary.net/aircraft/ah-1-cobra/,AH-1 Cobra,"2 (pilot, co-pilot/gunner)",17.8 m (58.3 ft),13.4 m (44.0 ft),4.4 m (14.4 ft),"5,579 kg (12,300 lbs)","8,391 kg (18,499 lbs)","2 × turboshafts General Electric T700-GE-401C 1,342 kW each",277 km/h (172 mph),570 km (354 mi),"6,096 m (20,000 ft)",14.2 m/s (46.6 ft/s),,,
ah-1w-super-cobra,https://globalmilitary.net/aircraft/ah-1w-super-cobra/,AH-1W Super Cobra,"2 (pilot, co-pilot/gunner)",17.7 m (58.0 ft),13.9 m (45.6 ft),4.2 m (13.7 ft),"4,627 kg (10,201 lbs)","6,690 kg (14,749 lbs)","2 × General Electric T700-401 1,260 kW each",350 km/h (217 mph),587 km (365 mi),"3,700 m (12,139 ft)",8.2 m/s (26.9 ft/s),140.7 m² (1515.0 sqft),,
ah-1z-viper,https://globalmilitary.net/aircraft/ah-1z-viper/,AH-1Z Viper,"2 (pilot, co-pilot/gunner)",17.8 m (58.2 ft),15 m (49.2 ft),4.4 m (14.3 ft),"5,579 kg (12,300 lbs)","8,391 kg (18,499 lbs)","2 × General Electric T700-GE-401C 1,300 kW each",411 km/h (255 mph),690 km (429 mi),"6,100 m (20,013 ft)",14.2 m/s (46.6 ft/s),168 m² (1808.3 sqft),,
ah-2-rooivalk,https://globalmilitary.net/aircraft/ah-2-rooivalk/,AH-2 Rooivalk,,18.7 m (61.5 ft),15.6 m (51.1 ft),5.2 m (17.0 ft),"5,730 kg (12,632 lbs)","8,750 kg (19,290 lbs)","2 × turboshafts Turbomeca Makila 1K2 1,420 kW each",309 km/h (192 mph),740 km (460 mi),"6,096 m (20,000 ft)",13.3 m/s (43.6 ft/s),,,
ah-6-little-bird,https://globalmilitary.net/aircraft/ah-6-little-bird/,AH-6 Little Bird,2,9.2 m (30.1 ft),8.4 m (27.4 ft),2.6 m (8.6 ft),"896 kg (1,975 lbs)","1,610 kg (3,549 lbs)",1 × turboshaft Allison T63-A5-A 239 kW each,282 km/h (175 mph),430 km (267 mi),"4,877 m (16,001 ft)",10.5 m/s (34.4 ft/s),,,
ah-64-apache,https://globalmilitary.net/aircraft/ah-64-apache/,AH-64 Apache,"2 (pilot, co-pilot/gunner)",17.7 m (58.2 ft),14.6 m (48.0 ft),5.0 m (16.2 ft),"5,352 kg (11,799 lbs)","10,107 kg (22,282 lbs)","2 × turboshafts General Electric T700-GE-701C 1,208 kW each",293 km/h (182 mph),480 km (298 mi),"5,670 m (18,602 ft)",15.7 m/s (51.5 ft/s),,,
amca,https://globalmilitary.net/aircraft/amca/,AMCA,1,18 m (59.1 ft),11.1 m (36.5 ft),4.5 m (14.8 ft),55 m² (592.0 sqft),"12,000 kg (26,455 lbs)","27,000 kg (59,525 lbs)",2 × General Electric F414 (Mk 1),1912 km/h (Mach 1.91),"5,325 km (3,309 mi)","20,000 m (65,617 ft)",,,
amx,https://globalmilitary.net/aircraft/amx/,AMX,1,13.6 m (44.6 ft),8.8 m (29.0 ft),4.6 m (14.9 ft),68.9 m² (741.5 sqft),"6,730 kg (14,837 lbs)","13,000 kg (28,660 lbs)","1 × turbofan Rolls-Royce RB.168 Spey Mk 807 5,003 kgf each",1160 km/h (Mach 1.16),"3,336 km (2,073 mi)","13,000 m (42,651 ft)",Martin-Baker Mk 10,52.0 m/s (170.6 ft/s),
an-bk-1-horlytsia,https://globalmilitary.net/aircraft/an-bk-1-horlytsia/,AN-BK-1 Horlytsia,,8 m (26.2 ft),14 m (45.9 ft),2 m (6.6 ft),,"500 kg (1,102 lbs)","1,000 kg (2,205 lbs)",,230 km/h (143 mph),"1,050 km (652 mi)","5,000 m (16,404 ft)",,,7 hours
aq-400-scythe,https://globalmilitary.net/aircraft/aq-400-scythe/,AQ-400 Scythe,,,2.3 m (7.5 ft),,,,100 kg (220 lbs),1 × piston engine,200 km/h (124 mph),750 km (466 mi),"3,000 m (9,843 ft)",,,6 hours
aqm-34-lightning-bug,https://globalmilitary.net/aircraft/aqm-34-lightning-bug/,AQM-34 Lightning Bug,,8.8 m (28.9 ft),4 m (13.1 ft),,,,,1 × Continental J69-T-41A 871 kgf each,,"1,900 km (1,181 mi)","20,000 m (65,617 ft)",,,8 hours
as-202-bravo,https://globalmilitary.net/aircraft/as-202-bravo/,AS 202 Bravo,1–2,7.5 m (24.6 ft),9.8 m (32.0 ft),2.8 m (9.2 ft),13.9 m² (149.2 sqft),"630 kg (1,389 lbs)","999 kg (2,202 lbs)",1 × Lycoming O-320-E2A 112 kW each,211 km/h (131 mph),890 km (553 mi),"4,265 m (13,993 ft)",,3.22 m/s (10.6 ft/s),
as-332-super-puma,https://globalmilitary.net/aircraft/as-332-super-puma/,AS332 Super Puma,2,16.8 m (55.1 ft),16.2 m (53.1 ft),5.0 m (16.3 ft),206.1 m² (2218.7 sqft),"4,660 kg (10,274 lbs)","9,150 kg (20,172 lbs)","2 × Turbomeca Makila 1A2 1,376 kW each",327 km/h (203 mph),851 km (529 mi),"5,180 m (16,995 ft)",,7.4 m/s (24.3 ft/s),
as-565-panther,https://globalmilitary.net/aircraft/as-565-panther/,AS565 Panther,1–2,13.7 m (44.9 ft),11.9 m (39.2 ft),4.0 m (13.0 ft),112.0 m² (1205.3 sqft),"2,380 kg (5,247 lbs)","4,300 kg (9,480 lbs)",2 × Turboméca Arriel 2C turboshaft 635 kW each,306 km/h (190 mph),827 km (514 mi),"5,865 m (19,242 ft)",,8.9 m/s (29.2 ft/s),4 hours
asn-209,https://globalmilitary.net/aircraft/asn-209/,ASN-209 Silver Eagle,,4.3 m (14.0 ft),7.5 m (24.6 ft),1.5 m (5.0 ft),,,320 kg (705 lbs),,180 km/h (112 mph),200 km (124 mi),"5,000 m (16,404 ft)",,,10 hours
at-3-tsu-chiang,https://globalmilitary.net/aircraft/at-3-tsu-chiang/,AT-3 Tsu Chiang,,12.9 m (42.3 ft),10.5 m (34.3 ft),4.4 m (14.3 ft),21.9 m² (236.1 sqft),"3,856 kg (8,501 lbs)","7,940 kg (17,505 lbs)","2 × turbofans Honeywell TFE731-2 1,588 kgf each",904 km/h (562 mph),"2,280 km (1,417 mi)","14,650 m (48,064 ft)",Martin-Baker Mk 10,,
atl-2-atlantique,https://globalmilitary.net/aircraft/atl-2-atlantique/,ATL-2 Atlantique,31.7 m (104.1 ft),37.5 m (122.9 ft),11.3 m (37.1 ft),120.3 m² (1295.3 sqft),"25,300 kg (55,777 lbs)","46,200 kg (101,853 lbs)","2 × turboprops Rolls-Royce Tyne RTy.20 Mk 21 4,549 kW each",648 km/h (403 mph),"7,964 km (4,949 mi)",18 hours,"9,150 m (30,020 ft)",10.16 m/s (33.3 ft/s),"1,840 m (6,037 ft)",,
atr-42,https://globalmilitary.net/aircraft/atr-42/,ATR-42,22.7 m (74.4 ft),24.6 m (80.6 ft),7.6 m (24.9 ft),54.5 m² (586.6 sqft),"11,250 kg (24,802 lbs)","18,600 kg (41,006 lbs)","2 × turboprops Pratt & Whitney Canada PW127E 1,790 kW each",556 km/h (345 mph),"1,326 km (824 mi)",,"7,620 m (25,000 ft)",,"1,165 m (3,822 ft)",,
atr-72,https://globalmilitary.net/aircraft/atr-72/,ATR-72,27.2 m (89.1 ft),27.1 m (88.7 ft),7.7 m (25.1 ft),61 m² (656.6 sqft),"12,950 kg (28,550 lbs)","22,500 kg (49,604 lbs)","2 × turboprops Pratt & Whitney Canada PW127F 2,051 kW each",565 km/h (351 mph),"1,404 km (872 mi)",,"7,620 m (25,000 ft)",,"1,223 m (4,012 ft)",,
av-8b-harrier-ii,https://globalmilitary.net/aircraft/av-8b-harrier-ii/,AV-8B Harrier II,14.1 m (46.3 ft),9.3 m (30.3 ft),3.6 m (11.6 ft),22.6 m² (243.4 sqft),"6,340 kg (13,977 lbs)","14,100 kg (31,085 lbs)","1 × turbojet Rolls-Royce Pegasus F402-RR-408 10,500 kgf each",1070 km/h (Mach 1.07),"3,300 km (2,051 mi)",,"15,240 m (50,000 ft)",75.0 m/s (246.1 ft/s),,1,UPC Stencel SJU-4/7A
aw101,https://globalmilitary.net/aircraft/aw101/,AW101,20.4 m (66.9 ft),18.6 m (61.0 ft),6.6 m (21.5 ft),,"6,850 kg (15,102 lbs)","12,900 kg (28,440 lbs)","3 × turboshafts Rolls-Royce Gnome H1400 1,044 kW each",309 km/h (192 mph),"1,389 km (863 mi)",,"2,600 m (8,530 ft)",14.5 m/s (47.6 ft/s),,2,
aw109,https://globalmilitary.net/aircraft/aw109/,AW109,13.0 m (42.8 ft),11 m (36.1 ft),3.5 m (11.5 ft),,"2,000 kg (4,409 lbs)","3,000 kg (6,614 lbs)",2 × turboshafts Turbomeca Arrius 2K1 426 kW each,311 km/h (193 mph),932 km (579 mi),,"6,000 m (19,685 ft)",9.8 m/s (32.2 ft/s),,1,
aw119,https://globalmilitary.net/aircraft/aw119/,AW119,12.9 m (42.4 ft),10.8 m (35.5 ft),3.6 m (11.8 ft),,"1,483 kg (3,269 lbs)","2,850 kg (6,283 lbs)",1 × turboshaft Pratt & Whitney Canada PT6B-37A 747 kW each,282 km/h (175 mph),954 km (593 mi),,"4,572 m (15,000 ft)",9.4 m/s (30.8 ft/s),,,
aw139,https://globalmilitary.net/aircraft/aw139/,AW139,13.8 m (45.2 ft),13.8 m (45.3 ft),3.7 m (12.2 ft),,"3,622 kg (7,985 lbs)","6,400 kg (14,110 lbs)","2 × turboshafts Pratt & Whitney Canada PT6C-67C 1,141 kW each",310 km/h (193 mph),"1,061 km (659 mi)",,"6,096 m (20,000 ft)",10.9 m/s (35.8 ft/s),,,
aw149,https://globalmilitary.net/aircraft/aw149/,AW149,17.6 m (57.6 ft),14.6 m (47.9 ft),5.1 m (16.9 ft),,"4,720 kg (10,406 lbs)","8,600 kg (18,960 lbs)","2 × turboshafts General Electric CT7-3E1 1,476 kW each",310 km/h (193 mph),"1,009 km (627 mi)",,"6,095 m (19,997 ft)",,,,
aw159,https://globalmilitary.net/aircraft/aw159/,AW159,15 m (49.2 ft),12.8 m (42.0 ft),3.8 m (12.3 ft),,"3,300 kg (7,275 lbs)","6,000 kg (13,228 lbs)","2 × turboshafts LHTEC CTS800-4N 1,015 kW each",311 km/h (193 mph),963 km (598 mi),2 hours,"4,000 m (13,123 ft)",,,2,
aw169,https://globalmilitary.net/aircraft/aw169/,AW169,14.7 m (48.1 ft),12.1 m (39.8 ft),4.5 m (14.8 ft),"2,850 kg (6,283 lbs)","4,500 kg (9,921 lbs)",2 × turboprops Pratt & Whitney Canada PW210A 750 kW each,306 km/h (190 mph),820 km (510 mi),"5,000 m (16,404 ft)",,,,,
aw249,https://globalmilitary.net/aircraft/aw249/,AW249 Fenice,17.6 m (57.8 ft),14.6 m (47.9 ft),4.3 m (14.0 ft),,"8,300 kg (18,298 lbs)","2 × turboshafts General Electric CT7-8E6 1,491 kW each",287 km/h (178 mph),796 km (495 mi),"6,096 m (20,000 ft)",2,245 hours,11.9 m/s (39.0 ft/s),,
aw609,https://globalmilitary.net/aircraft/aw609/,AW609,14.1 m (46.3 ft),11.7 m (38.4 ft),5.1 m (16.7 ft),"4,755 kg (10,483 lbs)","8,200 kg (18,078 lbs)","2 × turboprops Pratt & Whitney Canada PT6C-67A 1,447 kW each",509 km/h (316 mph),"1,389 km (863 mi)","7,620 m (25,000 ft)",,3 hours,7.6 m/s (24.9 ft/s),,
aarok,https://globalmilitary.net/aircraft/aarok/,Aarok,14 m (45.9 ft),22 m (72.2 ft),,"2,500 kg (5,512 lbs)","5,400 kg (11,905 lbs)",1 × Pratt & Whitney PT6 or Safran Ardiden 3TP or General Electric Catalyst turboprop 560 kW each,463 km/h (288 mph),"7,500 km (4,660 mi)","9,000 m (29,528 ft)",,24 hours,,,
ababil-3,https://globalmilitary.net/aircraft/ababil-3/,Ababil-3,,7 m (23.0 ft),,,,1 × Limbach L550,200 km/h (124 mph),100 km (62 mi),"5,000 m (16,404 ft)",,4 hours,,,
m345,https://globalmilitary.net/aircraft/m345/,Aermacchi M-345,9.9 m (32.3 ft),8.5 m (27.8 ft),3.7 m (12.3 ft),"2,300 kg (5,071 lbs)","4,100 kg (9,039 lbs)","1 × turbofan Pratt & Whitney Canada JT15D-5C 1,447 kgf each",740 km/h (460 mph),"1,410 km (876 mi)","12,190 m (39,993 ft)",,,25.0 m/s (82.0 ft/s),12.6 m² (135.6 sqft),Martin-Baker Mk 16
s211,https://globalmilitary.net/aircraft/s211/,Aermacchi S-211,9.3 m (30.5 ft),8.4 m (27.7 ft),3.8 m (12.5 ft),"1,850 kg (4,079 lbs)","2,750 kg (6,063 lbs)","1 × turbofan Pratt & Whitney Canada JT15D-4C 1,131 kgf each",667 km/h (414 mph),"1,668 km (1,036 mi)","12,200 m (40,026 ft)",,,21.0 m/s (68.9 ft/s),12.6 m² (135.6 sqft),Martin-Baker Mk 10
aerosonde,https://globalmilitary.net/aircraft/aerosonde/,Aerosonde,,2.9 m (9.5 ft),,8 kg (18 lbs),13 kg (29 lbs),1 × Enya R120,,150 km (93 mi),"4,000 m (13,123 ft)",,30 hours,,,
aerostar,https://globalmilitary.net/aircraft/aerostar/,Aerostar,4.5 m (14.8 ft),7.5 m (24.6 ft),1.3 m (4.3 ft),100 kg (220 lbs),220 kg (485 lbs),1 × piston engine Zanzottera 498i 28 kW each,203 km/h (126 mph),200 km (124 mi),"5,486 m (17,999 ft)",,12 hours,5.07 m/s (16.6 ft/s),,
at-500,https://globalmilitary.net/aircraft/at-500/,Air Tractor AT-500,10.2 m (33.5 ft),15.9 m (52.0 ft),3.0 m (9.8 ft),"2,109 kg (4,650 lbs)","4,754 kg (10,481 lbs)",1 × Pratt & Whitney PT6A-34AG turboprop 560 kW each,248 km/h (154 mph),"1,300 km (808 mi)","11,000 m (36,089 ft)",2,,18.0 m/s (59.1 ft/s),26.8 m² (288.0 sqft),
at-802,https://globalmilitary.net/aircraft/at-802/,Air Tractor AT-802,10.7 m (35.1 ft),18.1 m (59.3 ft),3.9 m (12.9 ft),37 m² (398.3 sqft),"2,951 kg (6,506 lbs)","7,257 kg (15,999 lbs)","1 × turboprop Pratt & Whitney Canada PT6A-67F 1,007 kW each",394 km/h (245 mph),"1,300 km (808 mi)","7,620 m (25,000 ft)",4.3 m/s (14.1 ft/s),,,,
a310mrtt,https://globalmilitary.net/aircraft/a310mrtt/,Airbus A310 MRTT,47.5 m (155.8 ft),43.9 m (144.0 ft),15.8 m (51.8 ft),219 m² (2357.3 sqft),"113,999 kg (251,324 lbs)","163,998 kg (361,553 lbs)","2 × turbofans General Electric CF6-80C2 27,306 kgf each",978 km/h (608 mph),"8,889 km (5,523 mi)","12,497 m (41,001 ft)",,10 hours,,,
a319-cj,https://globalmilitary.net/aircraft/a319-cj/,Airbus A319 CJ,33.8 m (111.0 ft),34.1 m (111.9 ft),11.8 m (38.7 ft),122.6 m² (1319.7 sqft),"42,300 kg (93,255 lbs)",,"2 × CFM56 5A 9,993 kgf each",870 km/h (541 mph),"11,650 km (7,239 mi)","1,350 m (4,429 ft)",,,2,,
a321,https://globalmilitary.net/aircraft/a321/,Airbus A321,37.6 m (123.3 ft),34.1 m (111.9 ft),11.8 m (38.6 ft),122.6 m² (1319.7 sqft),"42,600 kg (93,917 lbs)","78,000 kg (171,960 lbs)","2 × turbofans CFM International CFM56-5A1 11,340 kgf each",871 km/h (541 mph),"5,930 km (3,685 mi)","12,000 m (39,370 ft)",,,,"2,090 m (6,857 ft)",
a330,https://globalmilitary.net/aircraft/a330/,Airbus A330,59 m (193.6 ft),60.3 m (197.8 ft),17.4 m (57.1 ft),362 m² (3896.5 sqft),"119,600 kg (263,673 lbs)","242,000 kg (533,518 lbs)","2 × turbofans General Electric CF6-80E1A4 32,659 kgf each",871 km/h (541 mph),"13,400 km (8,326 mi)","13,000 m (42,651 ft)",,,,,
a330-mrtt,https://globalmilitary.net/aircraft/a330-mrtt/,Airbus A330 MRTT,58.8 m (192.9 ft),60.3 m (197.8 ft),17.4 m (57.1 ft),362 m² (3896.5 sqft),"125,000 kg (275,578 lbs)","233,000 kg (513,676 lbs)",2 × Rolls-Royce Trent 772B 320 kN each,880 km/h (547 mph),"14,800 km (9,196 mi)","13,000 m (42,651 ft)",,4 hours,"3 (2 pilots, AAR operator)",,
a350,https://globalmilitary.net/aircraft/a350/,Airbus A350,66.8 m (219.2 ft),64.8 m (212.4 ft),,442 m² (4757.6 sqft),"115,700 kg (255,075 lbs)","283,000 kg (623,907 lbs)","2 × turbofans Rolls-Royce Trent XWB-84 38,160 kgf each",950 km/h (590 mph),"15,750 km (9,787 mi)","13,137 m (43,100 ft)",,,2,,
hal-ajeet,https://globalmilitary.net/aircraft/hal-ajeet/,Ajeet,9.0 m (29.7 ft),6.7 m (22.1 ft),2.5 m (8.1 ft),12.7 m² (136.6 sqft),"2,307 kg (5,086 lbs)","4,173 kg (9,200 lbs)",1 × HAL/Bristol Siddeley Orpheus 701-01 20 kN each,1152 km/h (Mach 1.15),172 km (107 mi),"13,720 m (45,013 ft)",33.15 m/s (108.8 ft/s),,1,,
ch2000,https://globalmilitary.net/aircraft/ch2000/,Alarus CH2000,7.0 m (23.0 ft),8.8 m (28.8 ft),2.1 m (6.8 ft),12.7 m² (136.7 sqft),"492 kg (1,085 lbs)","767 kg (1,691 lbs)",1 × Lycoming O-235-N2C four cylinder engine 87 kW each,265 km/h (165 mph),900 km (559 mi),"3,810 m (12,500 ft)",3.8 m/s (12.5 ft/s),,1,,
alphajet,https://globalmilitary.net/aircraft/alphajet/,Alpha Jet,13.2 m (43.4 ft),9.1 m (29.9 ft),4.2 m (13.7 ft),17.5 m² (188.4 sqft),"3,515 kg (7,749 lbs)","7,500 kg (16,535 lbs)","2 × turbofans SNECMA-Turbomeca Larzac 04-C5 2,700 kgf each",1000 km/h (Mach 1.0),"2,940 km (1,827 mi)","14,630 m (47,999 ft)",57.0 m/s (187.0 ft/s),,2,,UPC Stencel S-III-S3IA63
an-12-cub,https://globalmilitary.net/aircraft/an-12-cub/,An-12 Cub,33.1 m (108.6 ft),38 m (124.7 ft),10.5 m (34.5 ft),121.7 m² (1310.3 sqft),"28,000 kg (61,729 lbs)","61,000 kg (134,482 lbs)","4 × turboprops Ivchenko-Progress AI-20M 3,126 kW each",770 km/h (478 mph),"5,700 km (3,542 mi)","10,200 m (33,465 ft)",10.2 m/s (33.5 ft/s),"900 m (2,953 ft)",
an-124-condor,https://globalmilitary.net/aircraft/an-124-condor/,An-124 Condor,69.0 m (226.2 ft),73.3 m (240.5 ft),20.8 m (68.2 ft),628 m² (6759.7 sqft),"175,000 kg (385,808 lbs)","405,000 kg (892,871 lbs)","4 × turbofans Ivchenko-Progress D-18T 23,400 kgf each",865 km/h (537 mph),"3,700 km (2,299 mi)","9,000 m (29,528 ft)",,"2,800 m (9,186 ft)",7
an-140,https://globalmilitary.net/aircraft/an-140/,An-140,22.6 m (74.1 ft),24.5 m (80.4 ft),8.2 m (27.0 ft),51 m² (549.0 sqft),"12,810 kg (28,241 lbs)","19,150 kg (42,218 lbs)","2 × turboprops Klimov TV3-117VMA-SBM1 1,838 kW each",575 km/h (357 mph),"3,700 km (2,299 mi)","7,600 m (24,934 ft)",6.83 m/s (22.4 ft/s),,
an-148,https://globalmilitary.net/aircraft/an-148/,An-148,34.4 m (112.7 ft),28.9 m (94.8 ft),8.6 m (28.2 ft),87.3 m² (939.9 sqft),"22,000 kg (48,502 lbs)","43,700 kg (96,342 lbs)","2 × turbofans Ivchenko-Progress D-436-148 6,830 kgf each",870 km/h (541 mph),"3,500 km (2,175 mi)","12,200 m (40,026 ft)",,"2,000 m (6,562 ft)",
an-178,https://globalmilitary.net/aircraft/an-178/,An-178,32.2 m (105.7 ft),30.6 m (100.3 ft),9.6 m (31.4 ft),,"18,350 kg (40,455 lbs)","51,000 kg (112,436 lbs)","2 × Progress D-436-148FM Turbofan 7,502 kgf each",990 km/h (615 mph),"3,680 km (2,287 mi)","12,000 m (39,370 ft)",,,2
liutyi,https://globalmilitary.net/aircraft/liutyi/,An-196 Liutyi,4.4 m (14.4 ft),6.7 m (22.0 ft),,,,300 kg (661 lbs),1 × 4-valve air-cooled boxer piston engine,160 km/h (99 mph),"2,000 km (1,243 mi)",,,,
an-2-colt,https://globalmilitary.net/aircraft/an-2-colt/,An-2 Colt,12.4 m (40.7 ft),18.2 m (59.7 ft),4.1 m (13.5 ft),71.5 m² (769.8 sqft),"3,300 kg (7,275 lbs)","5,440 kg (11,993 lbs)",1 × Shvetsov ASh-62IR radial engine 750 kW each,258 km/h (160 mph),845 km (525 mi),"4,500 m (14,764 ft)",3.5 m/s (11.5 ft/s),,2
an-22-cock,https://globalmilitary.net/aircraft/an-22-cock/,An-22 Cock,57.9 m (190.0 ft),64.4 m (211.3 ft),12.5 m (41.1 ft),345 m² (3713.5 sqft),"114,000 kg (251,327 lbs)","250,000 kg (551,155 lbs)","4 × turboprops Kuznetsov NK-12MA 11,186 kW each",740 km/h (460 mph),"10,950 km (6,804 mi)","8,000 m (26,247 ft)",,"1,460 m (4,790 ft)",
an-225-cossack,https://globalmilitary.net/aircraft/an-225-cossack/,An-225 Cossack,84 m (275.6 ft),88.4 m (290.0 ft),18.1 m (59.4 ft),905 m² (9741.3 sqft),"285,000 kg (628,317 lbs)","640,000 kg (1,410,957 lbs)","6 × turbofans Ivchenko-Progress D-18 23,405 kgf each",850 km/h (528 mph),"15,400 km (9,569 mi)","12,000 m (39,370 ft)",,"3,500 m (11,483 ft)",6
an-24-coke,https://globalmilitary.net/aircraft/an-24-coke/,An-24 Coke,23.5 m (77.2 ft),29.2 m (95.8 ft),8.3 m (27.3 ft),75.0 m² (807.0 sqft),"13,300 kg (29,321 lbs)",,"2 × turboprops Ivchenko-Progress AI-24A 1,876 kW each",485 km/h (301 mph),"2,400 km (1,491 mi)","8,400 m (27,559 ft)",,,
an-26-curl,https://globalmilitary.net/aircraft/an-26-curl/,An-26 Curl,4,23.8 m (78.1 ft),29.3 m (96.1 ft),8.6 m (28.1 ft),75.0 m² (807.1 sqft),"15,020 kg (33,113 lbs)","24,000 kg (52,911 lbs)","2 × turboprops Progress AI-24VT 2,103 kW each",540 km/h (336 mph),"2,500 km (1,553 mi)","7,500 m (24,606 ft)",8.0 m/s (26.2 ft/s),,
an-28-cash,https://globalmilitary.net/aircraft/an-28-cash/,An-28 Cash,,13.0 m (42.6 ft),22 m (72.2 ft),4.6 m (15.1 ft),39.7 m² (427.3 sqft),"3,900 kg (8,598 lbs)","6,100 kg (13,448 lbs)",2 × turboprops Glushenkov TVD-10 708 kW each,355 km/h (221 mph),"1,365 km (848 mi)","6,000 m (19,685 ft)",12.0 m/s (39.4 ft/s),,
an-30-clank,https://globalmilitary.net/aircraft/an-30-clank/,An-30 Clank,,24.3 m (79.6 ft),29.2 m (95.8 ft),8.3 m (27.3 ft),75 m² (807.3 sqft),"15,590 kg (34,370 lbs)","23,000 kg (50,706 lbs)","2 × turboprops Ivchenko-Progress AI-24T 2,074 kW each",540 km/h (336 mph),"2,630 km (1,634 mi)","8,300 m (27,231 ft)",,,
an-32-cline,https://globalmilitary.net/aircraft/an-32-cline/,An-32 Cline,,24.5 m (80.5 ft),29.2 m (95.8 ft),8.8 m (28.9 ft),,"16,800 kg (37,038 lbs)","28,500 kg (62,832 lbs)","2 × turboprops Ivchenko-Progress AI-20DM 3,812 kW each",530 km/h (329 mph),"1,400 km (870 mi)","9,000 m (29,528 ft)",,,
an-71-madcap,https://globalmilitary.net/aircraft/an-71-madcap/,An-71 Madcap,6,23.5 m (77.1 ft),31.9 m (104.6 ft),9.2 m (30.2 ft),,"19,760 kg (43,563 lbs)","32,100 kg (70,768 lbs)","2 × turbofans Progress D-436K 7,505 kgf each",650 km/h (404 mph),,"10,800 m (35,433 ft)",,,
an-72-74-coaler,https://globalmilitary.net/aircraft/an-72-74-coaler/,An-72/74 Coaler,5,28.1 m (92.1 ft),31.9 m (104.6 ft),8.7 m (28.4 ft),98.6 m² (1061.5 sqft),"19,000 kg (41,888 lbs)","34,800 kg (76,721 lbs)","2 × turbofans Ivchenko-Progress D-36 6,516 kgf each",700 km/h (435 mph),"4,800 km (2,983 mi)","11,600 m (38,058 ft)",,,
ansat,https://globalmilitary.net/aircraft/ansat/,Ansat,1–2,13.8 m (45.1 ft),11.5 m (37.7 ft),3.4 m (11.2 ft),103.9 m² (1118.0 sqft),"2,365 kg (5,214 lbs)","3,600 kg (7,937 lbs)",2 × Pratt & Whitney Canada PW207K turboshaft engines 470 kW each,275 km/h (171 mph),505 km (314 mi),"5,500 m (18,045 ft)",14.0 m/s (45.9 ft/s),3 hours,
arava,https://globalmilitary.net/aircraft/arava/,Arava,,12.7 m (41.6 ft),21.0 m (68.8 ft),5.2 m (17.1 ft),43.7 m² (470.2 sqft),"4,050 kg (8,929 lbs)","7,711 kg (17,000 lbs)",2 × turboprops Pratt & Whitney Canada PT6A-36 559 kW each,326 km/h (203 mph),"1,056 km (656 mi)","7,620 m (25,000 ft)",6.6 m/s (21.7 ft/s),,
archytas,https://globalmilitary.net/aircraft/archytas/,Archytas,,3.5 m (11.5 ft),6.4 m (21.0 ft),,,,190 kg (419 lbs),"1 × piston engine, pusher propeller, plus electric VTOL rotors 22 kW each",158 km/h (98 mph),200 km (124 mi),"8,229 m (26,998 ft)",6.3 m/s (20.7 ft/s),4 hours,
cheetah,https://globalmilitary.net/aircraft/cheetah/,Atlas Cheetah,1,15.7 m (51.3 ft),8.2 m (27.0 ft),4.6 m (14.9 ft),34.8 m² (374.6 sqft),"7,400 kg (16,314 lbs)","16,500 kg (36,376 lbs)",,2338 km/h (Mach 2.34),"2,600 km (1,616 mi)","17,000 m (55,774 ft)",,,Martin-Baker Mk 6
oryx,https://globalmilitary.net/aircraft/oryx/,Atlas Oryx,3,15.5 m (50.7 ft),15.6 m (51.2 ft),5.1 m (16.9 ft),191 m² (2055.9 sqft),"3,600 kg (7,937 lbs)","8,000 kg (17,637 lbs)","2 × Turbomeca Makila IA1 1,400 kW each",306 km/h (190 mph),303 km (188 mi),"7,162 m (23,497 ft)",15.25 m/s (50.0 ft/s),,
hesa-azarakhsh,https://globalmilitary.net/aircraft/hesa-azarakhsh/,Azarakhsh,1,,,,,,,,,,,,,
b1a,https://globalmilitary.net/aircraft/b1a/,B-1A,4,52 m (170.6 ft),41.7 m (136.7 ft),10.4 m (34.1 ft),594 m² (6393.8 sqft),"86,183 kg (190,001 lbs)","179,169 kg (395,000 lbs)","4 × turbofans General Electric F101-GE-100 13,608 kgf each",2124 km/h (Mach 2.12),"9,800 km (6,089 mi)","18,900 m (62,008 ft)",28.8 m/s (94.5 ft/s),,
b1b-lancer,https://globalmilitary.net/aircraft/b1b-lancer/,B-1B Lancer,4,44.5 m (146.0 ft),41.8 m (137.1 ft),10.4 m (34.1 ft),181.2 m² (1950.4 sqft),"87,100 kg (192,022 lbs)","216,400 kg (477,080 lbs)","4 × turbofans General Electric F101-GE-102 13,961 kgf each",1448 km/h (Mach 1.45),"9,400 km (5,841 mi)","18,000 m (59,055 ft)",28.8 m/s (94.5 ft/s),McDonnell Douglas ACES II,
b2-spirit,https://globalmilitary.net/aircraft/b2-spirit/,B-2 Spirit,2,21 m (68.9 ft),52 m (170.6 ft),5 m (16.4 ft),478 m² (5145.1 sqft),"71,668 kg (158,001 lbs)","170,200 kg (375,226 lbs)","4 × turbofans General Electric F118-GE-100 7,847 kgf each",972 km/h (604 mph),"11,000 km (6,835 mi)","15,240 m (50,000 ft)",,McDonnell Douglas ACES II,12 hours
b21-raider,https://globalmilitary.net/aircraft/b21-raider/,B-21 Raider,2,16 m (52.5 ft),40 m (131.2 ft),,,"31,751 kg (69,999 lbs)","81,647 kg (180,001 lbs)","2 × Pratt & Whitney PW9000 non-afterburning turbofans 12,240 kgf each",1050 km/h (Mach 1.05),"9,600 km (5,965 mi)","15,000 m (49,213 ft)",,,
b36-peacemaker,https://globalmilitary.net/aircraft/b36-peacemaker/,B-36 Peacemaker,9–22 (B-36J to RB-36D),49.4 m (162.1 ft),70 m (229.7 ft),14.3 m (46.8 ft),443.5 m² (4773.8 sqft),"75,530 kg (166,515 lbs)","185,973 kg (410,000 lbs)","6 × Pratt & Whitney R-4360-53 Wasp Major radial engines, plus 4 General Electric J47-19 turbojets",673 km/h (418 mph),"16,093 km (10,000 mi)","13,289 m (43,599 ft)",10.1 m/s (33.1 ft/s),,40 hours
b47-stratojet,https://globalmilitary.net/aircraft/b47-stratojet/,B-47 Stratojet,3,32.7 m (107.1 ft),35.4 m (116.0 ft),8.5 m (28.0 ft),132.7 m² (1428.4 sqft),"35,867 kg (79,073 lbs)","100,000 kg (220,462 lbs)","6 × turbojets General Electric J47-GE-25 3,266 kgf each",977 km/h (607 mph),"3,240 km (2,013 mi)","10,089 m (33,100 ft)",23.7 m/s (77.8 ft/s),,
b52-stratofortress,https://globalmilitary.net/aircraft/b52-stratofortress/,B-52 Stratofortress,4,48.5 m (159.1 ft),56.4 m (185.0 ft),12.4 m (40.7 ft),370 m² (3982.6 sqft),"83,250 kg (183,535 lbs)","220,000 kg (485,016 lbs)","8 × turbofans Pratt & Whitney TF33-P-3/103 7,747 kgf each",1000 km/h (Mach 1.0),"14,200 km (8,823 mi)","15,000 m (49,213 ft)",31.9 m/s (104.7 ft/s),Weber M-3,20 hours
b58-hustler,https://globalmilitary.net/aircraft/b58-hustler/,B-58 Hustler,3,29.5 m (96.8 ft),17.3 m (56.8 ft),8.9 m (29.2 ft),143.3 m² (1542.5 sqft),"25,200 kg (55,556 lbs)","80,240 kg (176,899 lbs)","4 × turbojets General Electric J79-GE-5A 4,400 kgf each",2123 km/h (Mach 2.12),"7,600 km (4,722 mi)","19,324 m (63,399 ft)",88.0 m/s (288.7 ft/s),,
gcap-tempest,https://globalmilitary.net/aircraft/gcap-tempest/,BAE Tempest,,,,,,,,,,,,,,
bae-146,https://globalmilitary.net/aircraft/bae-146/,BAe 146,2,28.6 m (93.7 ft),26.3 m (86.4 ft),8.6 m (28.2 ft),77.3 m² (832.0 sqft),"24,600 kg (54,234 lbs)","42,184 kg (93,000 lbs)",4 × Lycoming ALF 502R-5 / Honeywell LF 507-1F 31 kN each,789 km/h (490 mph),"3,650 km (2,268 mi)","10,668 m (35,000 ft)",,,
bd-700-global-express,https://globalmilitary.net/aircraft/bd-700-global-express/,BD-700 Global Express,,30.3 m (99.5 ft),29 m (95.1 ft),7.3 m (24.1 ft),95 m² (1022.6 sqft),"22,566 kg (49,749 lbs)","45,132 kg (99,499 lbs)","2 × turbofans Rolls-Royce BR710A2-20 6,690 kgf each",950 km/h (590 mph),"11,100 km (6,897 mi)","15,545 m (51,001 ft)","1,865 m (6,119 ft)",,
bn-2b-defender,https://globalmilitary.net/aircraft/bn-2b-defender/,BN-2B Defender,1,11.1 m (36.3 ft),16.2 m (53.0 ft),4.2 m (13.7 ft),31.3 m² (337.0 sqft),"1,825 kg (4,023 lbs)","2,995 kg (6,603 lbs)",2 × pistons engine Lycoming 0-540-E4C5 194 kW each,264 km/h (164 mph),"1,400 km (870 mi)","4,000 m (13,123 ft)",,6.4 m/s (21.0 ft/s),
bqm-167-skeeter,https://globalmilitary.net/aircraft/bqm-167-skeeter/,BQM-167 Skeeter,,6.1 m (20.0 ft),3.2 m (10.5 ft),1.2 m (3.9 ft),,313 kg (690 lbs),"930 kg (2,050 lbs)",1 × MicroTurbo Tri 60-5+ turbojet 449 kgf each,1100 km/h (Mach 1.1),,"15,000 m (49,213 ft)",,,
bqm-74-chukar,https://globalmilitary.net/aircraft/bqm-74-chukar/,BQM-74 Chukar,,3.9 m (12.9 ft),1.8 m (5.8 ft),0.7 m (2.3 ft),,123 kg (271 lbs),249 kg (549 lbs),1 × Williams J400-WR-404 1 kN each,972 km/h (604 mph),,"12,000 m (39,370 ft)",,,1 hours
bzk-005,https://globalmilitary.net/aircraft/bzk-005/,BZK-005 Giant Eagle,,9 m (29.5 ft),19 m (62.3 ft),,,,"1,250 kg (2,756 lbs)",,,,"8,000 m (26,247 ft)",,,40 hours
bayraktar-akinci,https://globalmilitary.net/aircraft/bayraktar-akinci/,Bayraktar Akıncı,,12.2 m (40.0 ft),20 m (65.6 ft),4.1 m (13.5 ft),,"4,501 kg (9,923 lbs)","5,500 kg (12,125 lbs)",2 × Ivchenko-Progress Motor Sich AI-450T 340 kW each,361 km/h (224 mph),"7,500 km (4,660 mi)","13,716 m (45,000 ft)",,,25 hours
bayraktar-kizilelma,https://globalmilitary.net/aircraft/bayraktar-kizilelma/,Bayraktar Kızılelma,,14.5 m (47.6 ft),10 m (32.8 ft),3.5 m (11.5 ft),,"4,201 kg (9,262 lbs)","8,500 kg (18,739 lbs)",1 × Ivchenko-Progress AI-25TLT 16 kN each,1100 km/h (Mach 1.1),930 km (578 mi),"14,000 m (45,932 ft)",,,3 hours
bayraktar-tb2,https://globalmilitary.net/aircraft/bayraktar-tb2/,Bayraktar TB2,,6.5 m (21.3 ft),12 m (39.4 ft),,,"650 kg (1,433 lbs)","1,200 kg (2,646 lbs)",1 × ROTAX 912 internal combustion engine,222 km/h (138 mph),300 km (186 mi),"8,239 m (27,031 ft)",,,27 hours
bayraktar-tb3,https://globalmilitary.net/aircraft/bayraktar-tb3/,Bayraktar TB3,8.4 m (27.4 ft),14 m (45.9 ft),2.6 m (8.5 ft),"1,450 kg (3,197 lbs)",1 × TEI-PD170 or TEI-PD200,300 km/h (186 mph),"2,000 km (1,243 mi)",,,,,,
be-12,https://globalmilitary.net/aircraft/be-12/,Be-12 Tchaïka Mail,26.5 m (87.0 ft),29.8 m (97.9 ft),9.1 m (29.9 ft),"36,000 kg (79,366 lbs)","2 × turboprops Ivchenko-Progress AI-20D 3,810 kW each",530 km/h (329 mph),"1,500 km (932 mi)","25,500 kg (56,218 lbs)","8,000 m (26,247 ft)",9.5 m/s (31.2 ft/s),,,
be-200,https://globalmilitary.net/aircraft/be-200/,Be-200,31.4 m (103.1 ft),32.8 m (107.5 ft),8.9 m (29.2 ft),"41,000 kg (90,389 lbs)","2 × turbofans Ivchenko-Progress D-436TP 7,500 kgf each",700 km/h (435 mph),"3,300 km (2,051 mi)","27,600 kg (60,848 lbs)","8,000 m (26,247 ft)",17.0 m/s (55.8 ft/s),117.4 m² (1263.7 sqft),"1,800 m (5,906 ft)",
be-6-madge,https://globalmilitary.net/aircraft/be-6-madge/,Be-6 Madge,23.5 m (77.1 ft),33 m (108.3 ft),7.6 m (25.1 ft),"29,000 kg (63,934 lbs)","2 × radial piston engines Shvetsov ASh-73TK 1,800 kW each",414 km/h (257 mph),"4,800 km (2,983 mi)","18,827 kg (41,506 lbs)","6,100 m (20,013 ft)",,120 m² (1291.7 sqft),,8
beechcraft-1900,https://globalmilitary.net/aircraft/beechcraft-1900/,Beechcraft 1900 Beechliner,17.6 m (57.8 ft),17.6 m (57.9 ft),4.7 m (15.5 ft),"7,765 kg (17,119 lbs)",2 × turboprops Pratt & Whitney Canada PT6A-67D 955 kW each,530 km/h (329 mph),"2,778 km (1,726 mi)","4,733 kg (10,434 lbs)","7,620 m (25,000 ft)",13.28 m/s (43.6 ft/s),,"1,160 m (3,806 ft)",
beechcraft-390,https://globalmilitary.net/aircraft/beechcraft-390/,Beechcraft 390 Premier I,14 m (45.9 ft),13.6 m (44.5 ft),4.7 m (15.3 ft),"5,670 kg (12,500 lbs)","2 × turbofans Williams FJ44-2A 1,043 kgf each",841 km/h (523 mph),"2,519 km (1,565 mi)","3,627 kg (7,996 lbs)","12,497 m (41,001 ft)",,23 m² (247.6 sqft),,
beechcraft-baron,https://globalmilitary.net/aircraft/beechcraft-baron/,Beechcraft Baron,9 m (29.5 ft),11.3 m (37.1 ft),3.0 m (9.7 ft),"2,313 kg (5,099 lbs)",2 × pistons engine Continental IO-470L 194 kW each,370 km/h (230 mph),"1,745 km (1,084 mi)","1,432 kg (3,157 lbs)","6,005 m (19,701 ft)",8.5 m/s (27.9 ft/s),18.5 m² (199.2 sqft),,
beechcraft-bonanza,https://globalmilitary.net/aircraft/beechcraft-bonanza/,Beechcraft Bonanza,8.4 m (27.5 ft),10.2 m (33.5 ft),2.6 m (8.6 ft),"1,656 kg (3,651 lbs)",1 × piston engine Continental IO-550-B 224 kW each,,"1,326 km (824 mi)","1,141 kg (2,515 lbs)","5,639 m (18,501 ft)",6.25 m/s (20.5 ft/s),16.8 m² (181.0 sqft),,1
bell-214,https://globalmilitary.net/aircraft/bell-214/,Bell 214,14.6 m (48.0 ft),15 m (49.2 ft),3.9 m (12.8 ft),"6,804 kg (15,000 lbs)","1 × Lycoming LTC4B-8D 2,180 kW each",259 km/h (161 mph),411 km (255 mi),"3,442 kg (7,588 lbs)","5,000 m (16,404 ft)",,182.4 m² (1963.8 sqft),,2
bell-412,https://globalmilitary.net/aircraft/bell-412/,Bell 412,17.1 m (56.1 ft),14.0 m (46.0 ft),4.6 m (15.0 ft),"5,398 kg (11,901 lbs)",1 × turboshaft Pratt & Whitney Canada PT6T-3D Twin-Pac 930 kW each,260 km/h (162 mph),980 km (609 mi),"3,079 kg (6,788 lbs)","6,100 m (20,013 ft)",6.9 m/s (22.6 ft/s),154.4 m² (1661.9 sqft),,1–2
bell-430,https://globalmilitary.net/aircraft/bell-430/,Bell 430,1,15.3 m (50.2 ft),12.8 m (42.0 ft),3.8 m (12.3 ft),"2,406 kg (5,304 lbs)","4,218 kg (9,299 lbs)",2 × turboshafts Allison 250-C40B 585 kW each,278 km/h (173 mph),600 km (373 mi),"6,096 m (20,000 ft)",6.858 m/s (22.5 ft/s),,,
bell-47,https://globalmilitary.net/aircraft/bell-47/,Bell 47,1–2,9.6 m (31.6 ft),11.3 m (37.2 ft),2.8 m (9.3 ft),"859 kg (1,894 lbs)","1,338 kg (2,950 lbs)",1 × Lycoming TVO-435-F1A 210 kW each,169 km/h (105 mph),396 km (246 mi),,4.4 m/s (14.4 ft/s),100.8 m² (1085.0 sqft),,
bird-eye,https://globalmilitary.net/aircraft/bird-eye/,Bird-Eye,,,4 m (13.1 ft),,,30 kg (66 lbs),1 × piston engine,,150 km (93 mi),"4,572 m (15,000 ft)",,,15 hours,
black-hornet,https://globalmilitary.net/aircraft/black-hornet/,Black Hornet,,0.2 m (0.5 ft),,,,,Electric motor,21 km/h (13 mph),1 km (1 mi),,,,,
bober,https://globalmilitary.net/aircraft/bober/,Bober,,,2.5 m (8.2 ft),,,,,200 km/h (124 mph),"1,000 km (621 mi)",,,,7 hours,
boeing-707,https://globalmilitary.net/aircraft/boeing-707/,Boeing 707,,46.4 m (152.1 ft),44.5 m (145.9 ft),13.0 m (42.5 ft),"66,406 kg (146,400 lbs)","151,318 kg (333,599 lbs)","4 × turbojets Pratt & Whitney JT3D-7 8,618 kgf each",1010 km/h (Mach 1.01),"5,400 km (3,355 mi)","13,000 m (42,651 ft)",,,10 hours,"3,304 m (10,840 ft)"
boeing-727,https://globalmilitary.net/aircraft/boeing-727/,Boeing 727,,46.7 m (153.2 ft),33 m (108.3 ft),10 m (32.8 ft),"45,359 kg (99,999 lbs)","95,028 kg (209,501 lbs)","3 × turbofans Pratt & Whitney JT8D-9A 6,577 kgf each",1017 km/h (Mach 1.02),"4,720 km (2,933 mi)","12,802 m (42,001 ft)",,157.9 m² (1699.9 sqft),,"1,768 m (5,801 ft)"
boeing-737,https://globalmilitary.net/aircraft/boeing-737/,Boeing 737,,30 m (98.4 ft),28 m (91.9 ft),11 m (36.1 ft),"29,071 kg (64,091 lbs)","52,163 kg (115,000 lbs)","2 × turbofans Pratt & Whitney JT8D-9A 6,577 kgf each",904 km/h (562 mph),"4,800 km (2,983 mi)","11,278 m (37,001 ft)",,91 m² (979.5 sqft),,
boeing-747,https://globalmilitary.net/aircraft/boeing-747/,Boeing 747,4,70.6 m (231.6 ft),59.6 m (195.5 ft),19.3 m (63.3 ft),"173,726 kg (383,000 lbs)","377,842 kg (832,998 lbs)","4 × turbofans General Electric CF6-80C2B1 25,719 kgf each",1014 km/h (Mach 1.01),"12,150 km (7,550 mi)","13,746 m (45,098 ft)",,511.0 m² (5499.8 sqft),16 hours,
boeing-757,https://globalmilitary.net/aircraft/boeing-757/,Boeing 757,,47.3 m (155.2 ft),38.0 m (124.6 ft),11.0 m (36.2 ft),"58,900 kg (129,852 lbs)","115,666 kg (255,000 lbs)","2 × turbofan Pratt & Whitney PW2040 18,915 kgf each",853 km/h (530 mph),"7,250 km (4,505 mi)","12,802 m (42,001 ft)",,181.3 m² (1951.0 sqft),,
boeing-767,https://globalmilitary.net/aircraft/boeing-767/,Boeing 767,48.5 m (159.1 ft),47.6 m (156.2 ft),16 m (52.5 ft),283 m² (3046.2 sqft),"80,286 kg (177,000 lbs)","136,078 kg (300,000 lbs)","2 × turbofans Pratt & Whitney JT9D-7R4D 21,772 kgf each",912 km/h (567 mph),"7,200 km (4,474 mi)","13,137 m (43,100 ft)","1,768 m (5,801 ft)",,,
buccaneer,https://globalmilitary.net/aircraft/buccaneer/,Buccaneer,19.3 m (63.4 ft),13.4 m (44.0 ft),5.0 m (16.3 ft),47.8 m² (514.7 sqft),"14,000 kg (30,865 lbs)","28,000 kg (61,729 lbs)","2 × turbofans Rolls-Royce RB.168 Spey Mk 101 10,070 kgf each",1040 km/h (Mach 1.04),"3,700 km (2,299 mi)","12,200 m (40,026 ft)",,"2 (pilot, observer)",Martin-Baker Mk 6,
burraq,https://globalmilitary.net/aircraft/burraq/,Burraq,,,,,,,,,,,,,,
c101-aviojet,https://globalmilitary.net/aircraft/c101-aviojet/,C-101 Aviojet,12.5 m (41.0 ft),10.6 m (34.8 ft),4.3 m (13.9 ft),20 m² (215.3 sqft),"2,800 kg (6,173 lbs)","6,300 kg (13,889 lbs)","1 × turbofan Honeywell TFE731-2 1,588 kgf each",770 km/h (478 mph),519 km (322 mi),"12,500 m (41,011 ft)","560 m (1,837 ft)",2,Martin-Baker Mk 10,32.5 m/s (106.6 ft/s)
c130-hercules,https://globalmilitary.net/aircraft/c130-hercules/,C-130 Hercules,29.8 m (97.9 ft),40.4 m (132.7 ft),11.7 m (38.3 ft),162 m² (1743.8 sqft),"35,800 kg (78,925 lbs)","70,307 kg (155,000 lbs)","4 × turboprops Allison T56-A-15 3,661 kW each",593 km/h (368 mph),"3,800 km (2,361 mi)","10,058 m (32,999 ft)","1,093 m (3,586 ft)",5,,9.3 m/s (30.5 ft/s)
c141-starlifter,https://globalmilitary.net/aircraft/c141-starlifter/,C-141 Starlifter,51.3 m (168.4 ft),49 m (160.8 ft),12.0 m (39.3 ft),300 m² (3229.2 sqft),"65,540 kg (144,491 lbs)","146,556 kg (323,100 lbs)","4 × turbofans Pratt & Whitney TF33-P-7 9,185 kgf each",805 km/h (500 mph),"4,723 km (2,935 mi)","12,497 m (41,001 ft)",,4,,13.2 m/s (43.3 ft/s)
c160,https://globalmilitary.net/aircraft/c160/,C-160 Transall,32.4 m (106.3 ft),40 m (131.2 ft),11.7 m (38.2 ft),160 m² (1722.2 sqft),"29,000 kg (63,934 lbs)","51,000 kg (112,436 lbs)","2 × turboprops Rolls-Royce Tyne Rty.20 Mk 22 4,549 kW each",513 km/h (319 mph),"1,853 km (1,151 mi)","8,230 m (27,001 ft)",,5,,6.6 m/s (21.7 ft/s)
c17-globemaster-iii,https://globalmilitary.net/aircraft/c17-globemaster-iii/,C-17 Globemaster III,53.0 m (174.0 ft),51.8 m (169.8 ft),16.8 m (55.1 ft),353.0 m² (3800.0 sqft),"122,000 kg (268,964 lbs)","259,460 kg (572,011 lbs)","4 × turbofans Pratt & Whitney F117-PW-100 18,909 kgf each",930 km/h (578 mph),"4,480 km (2,784 mi)","13,715 m (44,997 ft)","2,500 m (8,202 ft)","3 (2 pilots, mechanic)",,
c2-greyhound,https://globalmilitary.net/aircraft/c2-greyhound/,C-2 Greyhound,17.1 m (56.1 ft),24.6 m (80.7 ft),4.9 m (15.9 ft),65 m² (699.7 sqft),"15,307 kg (33,746 lbs)","27,216 kg (60,001 lbs)","2 × turboprops Allison T56-A-425 3,430 kW each",635 km/h (395 mph),"2,400 km (1,491 mi)","10,211 m (33,501 ft)",,,,13.3 m/s (43.6 ft/s)
c212,https://globalmilitary.net/aircraft/c212/,C-212 Aviocar,16.2 m (53.1 ft),20.3 m (66.5 ft),6.3 m (20.7 ft),41 m² (441.3 sqft),"3,780 kg (8,333 lbs)","7,700 kg (16,976 lbs)",2 × turboprops Garrett TPE331-10R-513C 671 kW each,370 km/h (230 mph),835 km (519 mi),"7,925 m (26,001 ft)",,2,,8.3 m/s (27.2 ft/s)
c-23-sherpa,https://globalmilitary.net/aircraft/c-23-sherpa/,C-23 Sherpa,"3 (2 pilots, cabin crew)",17.7 m (58.0 ft),22.8 m (74.7 ft),5.0 m (16.2 ft),42.1 m² (453.2 sqft),"6,680 kg (14,727 lbs)","10,387 kg (22,899 lbs)",2 × Pratt & Whitney Canada PT6A-45-R 893 kW each,467 km/h (290 mph),"2,195 km (1,364 mi)","8,500 m (27,887 ft)",6.0 m/s (19.7 ft/s),,,
c27j-spartan,https://globalmilitary.net/aircraft/c27j-spartan/,C-27J Spartan,"2 (pilot, co-pilot)",22.7 m (74.5 ft),28.7 m (94.2 ft),9.6 m (31.6 ft),82 m² (882.6 sqft),"17,500 kg (38,581 lbs)","32,500 kg (71,650 lbs)","2 × Rolls-Royce AE2100-D2A 3,458 kW each",602 km/h (374 mph),"1,759 km (1,093 mi)","9,144 m (30,000 ft)",13.0 m/s (42.7 ft/s),,,
c295-persuader,https://globalmilitary.net/aircraft/c295-persuader/,C-295 Persuader,,24.5 m (80.4 ft),25.8 m (84.7 ft),8.6 m (28.2 ft),59 m² (635.1 sqft),"9,250 kg (20,393 lbs)","23,200 kg (51,147 lbs)","2 × turboprops Pratt & Whitney Canada PW127G 1,972 kW each",576 km/h (358 mph),"5,750 km (3,573 mi)","7,620 m (25,000 ft)",,"671 m (2,201 ft)",,
c32,https://globalmilitary.net/aircraft/c32/,C-32,16,47.3 m (155.2 ft),38.0 m (124.6 ft),11.0 m (36.2 ft),181.3 m² (1951.0 sqft),"58,900 kg (129,852 lbs)","115,666 kg (255,000 lbs)","2 × turbofan Pratt & Whitney PW2040 18,915 kgf each",853 km/h (530 mph),"10,200 km (6,338 mi)","12,802 m (42,001 ft)",,,,
c390-millennium,https://globalmilitary.net/aircraft/c390-millennium/,C-390 Millennium,,33.9 m (111.3 ft),35.1 m (115.0 ft),10.3 m (33.7 ft),,"35,000 kg (77,162 lbs)","72,000 kg (158,733 lbs)","2 × turbofans IAE V2500-E5 13,154 kgf each",980 km/h (609 mph),"6,240 km (3,877 mi)","11,000 m (36,089 ft)",,,,
c5-galaxy,https://globalmilitary.net/aircraft/c5-galaxy/,C-5 Galaxy,5,75.3 m (247.1 ft),67.9 m (222.7 ft),19.8 m (65.1 ft),576 m² (6200.0 sqft),"172,365 kg (379,999 lbs)","381,017 kg (839,998 lbs)","4 × turbofans General Electric TF39-GE-1C 19,674 kgf each",932 km/h (579 mph),"8,900 km (5,530 mi)","10,600 m (34,777 ft)",9.14 m/s (30.0 ft/s),"2,600 m (8,530 ft)",,
cf-100-canuck,https://globalmilitary.net/aircraft/cf-100-canuck/,CF-100 Canuck,"2 (pilot, navigator)",16.5 m (54.1 ft),17.4 m (57.1 ft),4.4 m (14.4 ft),54.9 m² (590.9 sqft),"10,500 kg (23,149 lbs)","15,170 kg (33,444 lbs)","2 × turbojets Avro Canada Orenda 11 3,311 kgf each",888 km/h (552 mph),"3,200 km (1,988 mi)","13,716 m (45,000 ft)",44.5 m/s (146.0 ft/s),,Martin-Baker Mk 2,
cf-105-arrow,https://globalmilitary.net/aircraft/cf-105-arrow/,CF-105 Arrow,2,23.7 m (77.8 ft),15 m (49.2 ft),6.3 m (20.5 ft),113.8 m² (1224.9 sqft),"22,245 kg (49,042 lbs)","31,120 kg (68,608 lbs)","2 × turbojets Pratt & Whitney J75-P-3 10,659 kgf each",2103 km/h (Mach 2.1),483 km (300 mi),"16,154 m (52,999 ft)",84.0 m/s (275.6 ft/s),,Martin-Baker Mk 5,
ch-3-rainbow,https://globalmilitary.net/aircraft/ch-3-rainbow/,CH-3 Rainbow,,,,,,,,,,,,,,,
ch-4-rainbow,https://globalmilitary.net/aircraft/ch-4-rainbow/,CH-4 Rainbow,,8.5 m (27.9 ft),18 m (59.1 ft),,,"1,600 kg (3,527 lbs)","1,330 kg (2,932 lbs)",1 × piston engine,435 km/h (270 mph),250 km (155 mi),"7,620 m (25,000 ft)",,,,38 hours
ch-46-sea-knight,https://globalmilitary.net/aircraft/ch-46-sea-knight/,CH-46 Sea Knight,4,13.9 m (45.7 ft),16 m (52.5 ft),5.1 m (16.7 ft),"7,047 kg (15,536 lbs)","11,000 kg (24,251 lbs)","2 × turboshafts General Electric T58-GE-16 1,400 kW each",266 km/h (165 mph),"1,020 km (634 mi)","4,267 m (13,999 ft)",10.4 m/s (34.1 ft/s),,,
ch-47-chinook,https://globalmilitary.net/aircraft/ch-47-chinook/,CH-47 Chinook,4–5,30.1 m (98.8 ft),18.3 m (60.0 ft),5.7 m (18.7 ft),"10,614 kg (23,400 lbs)","22,680 kg (50,001 lbs)","2 × turboshafts Lycoming T55-GA-712 2,796 kW each",315 km/h (196 mph),740 km (460 mi),"5,639 m (18,501 ft)",10.1 m/s (33.1 ft/s),,,
ch-5-rainbow,https://globalmilitary.net/aircraft/ch-5-rainbow/,CH-5 Rainbow,,,21 m (68.9 ft),,"2,225 kg (4,905 lbs)","3,300 kg (7,275 lbs)",1 × turboprop engine,480 km/h (298 mph),"2,000 km (1,243 mi)","9,000 m (29,528 ft)",,60 hours,,
ch-53-sea-stallion,https://globalmilitary.net/aircraft/ch-53-sea-stallion/,CH-53 Sea Stallion,"3 (2 pilots, mechanic)",30.2 m (99.1 ft),24.1 m (79.0 ft),8.5 m (27.8 ft),"15,071 kg (33,226 lbs)","33,300 kg (73,414 lbs)","3 × turboshafts General Electric T64-GE-416 3,270 kW each",315 km/h (196 mph),"1,000 km (621 mi)","5,639 m (18,501 ft)",13.0 m/s (42.7 ft/s),,,
ch-54-tarhe,https://globalmilitary.net/aircraft/ch-54-tarhe/,CH-54 Tarhe,3,27.0 m (88.5 ft),22.0 m (72.0 ft),7.8 m (25.4 ft),"8,981 kg (19,800 lbs)","21,319 kg (47,000 lbs)","2 × Pratt & Whitney T73-P-700 turboshaft 3,600 kW each",240 km/h (149 mph),370 km (230 mi),"11,000 m (36,089 ft)",6.8 m/s (22.3 ft/s),,378.3 m² (4071.4 sqft),
ch-7-rainbow,https://globalmilitary.net/aircraft/ch-7-rainbow/,CH-7 Rainbow,,10 m (32.8 ft),22 m (72.2 ft),,,,,920 km/h (572 mph),"2,000 km (1,243 mi)","13,000 m (42,651 ft)",,15 hours,,
ch-92-rainbow,https://globalmilitary.net/aircraft/ch-92-rainbow/,CH-92 Rainbow,,4.1 m (13.5 ft),9 m (29.5 ft),1.6 m (5.2 ft),,300 kg (661 lbs),1 × two-cylinder gasoline piston engine 37 kW each,200 km/h (124 mph),,"5,980 m (19,619 ft)",,8 hours,,
ch-95-rainbow,https://globalmilitary.net/aircraft/ch-95-rainbow/,CH-95 Rainbow,,9.1 m (29.7 ft),20.5 m (67.3 ft),2.8 m (9.1 ft),,"1,100 kg (2,425 lbs)",1 × piston engine,280 km/h (174 mph),"4,000 km (2,485 mi)","5,000 m (16,404 ft)",,20 hours,,
cl-215,https://globalmilitary.net/aircraft/cl-215/,CL-215 Scooper,,19.8 m (65.0 ft),28.6 m (93.8 ft),8.9 m (29.3 ft),"12,160 kg (26,808 lbs)","19,731 kg (43,499 lbs)","2 × Pratt & Whitney R-2800-83AM radial piston 1,566 kW each",291 km/h (181 mph),"2,094 km (1,301 mi)",,5.0 m/s (16.4 ft/s),,100.3 m² (1079.9 sqft),
cl-41-tutor,https://globalmilitary.net/aircraft/cl-41-tutor/,CL-41 Tutor,,10 m (32.8 ft),11.1 m (36.3 ft),2.9 m (9.4 ft),"2,195 kg (4,839 lbs)","4,990 kg (11,001 lbs)","1 × turbojet Orenda J85-CAN-40 1,202 kgf each",782 km/h (486 mph),"1,519 km (944 mi)","13,564 m (44,501 ft)",21.4 m/s (70.2 ft/s),,20 m² (215.3 sqft),Weber CL-41
cl-415,https://globalmilitary.net/aircraft/cl-415/,CL-415 Super Scooper,20 m (65.6 ft),28.4 m (93.1 ft),8.9 m (29.3 ft),100 m² (1076.4 sqft),"12,882 kg (28,400 lbs)","19,890 kg (43,850 lbs)","2 × turboprops Pratt & Whitney Canada PW123AF 1,775 kW each",359 km/h (223 mph),"2,427 km (1,508 mi)","4,481 m (14,701 ft)",8.1 m/s (26.6 ft/s),"838 m (2,749 ft)",,
challenger-600,https://globalmilitary.net/aircraft/challenger-600/,CL-600 Challenger,20.9 m (68.4 ft),19.6 m (64.3 ft),6.3 m (20.7 ft),48.3 m² (519.9 sqft),"9,292 kg (20,485 lbs)","19,550 kg (43,100 lbs)","2 × turbofans General Electric CF34-3A 4,146 kgf each",882 km/h (548 mph),"7,400 km (4,598 mi)","12,497 m (41,001 ft)",22.58 m/s (74.1 ft/s),,,
cm-170-magister,https://globalmilitary.net/aircraft/cm-170-magister/,CM 170 Magister,10.2 m (33.5 ft),11.3 m (37.2 ft),2.9 m (9.5 ft),17.3 m² (186.2 sqft),"2,540 kg (5,600 lbs)","3,450 kg (7,606 lbs)",2 × turbojets Turbomeca Marboré II G3 440 kgf each,715 km/h (444 mph),"1,200 km (746 mi)","9,144 m (30,000 ft)",17.0 m/s (55.8 ft/s),"720 m (2,362 ft)",2,
cn-235,https://globalmilitary.net/aircraft/cn-235/,CN-235,21.4 m (70.2 ft),25.8 m (84.7 ft),8.2 m (26.8 ft),59.1 m² (636.1 sqft),"8,800 kg (19,401 lbs)","16,500 kg (36,376 lbs)","2 × turboprops General Electric CT7-9C 1,305 kW each",450 km/h (280 mph),"4,355 km (2,706 mi)","9,144 m (30,000 ft)",7.8 m/s (25.6 ft/s),"1,217 m (3,993 ft)","3 (2 pilots, loadmaster)",
ct-4-airtrainer,https://globalmilitary.net/aircraft/ct-4-airtrainer/,CT/4 Airtrainer,7.2 m (23.6 ft),7.9 m (26.0 ft),2.6 m (8.5 ft),12.0 m² (129.0 sqft),"770 kg (1,698 lbs)","1,180 kg (2,601 lbs)",1 × Lycoming AEIO-540-L1B5 224 kW each,387 km/h (240 mph),963 km (598 mi),"5,550 m (18,209 ft)",9.3 m/s (30.5 ft/s),,"2 (student, instructor)",
b250,https://globalmilitary.net/aircraft/b250/,Calidus B250,,12.1 m (39.7 ft),,,,,"1 × turboprop Pratt & Whitney Canada PT6A-68D 1,193 kW each",557 km/h (346 mph),"2,400 km (1,491 mi)","9,000 m (29,528 ft)",,,,Martin-Baker
cl-289,https://globalmilitary.net/aircraft/cl-289/,Canadair CL-289,3.7 m (12.2 ft),0.9 m (3.1 ft),,,78 kg (172 lbs),156 kg (344 lbs),1 × Williams International WR2-6 57 kgf each,740 km/h (460 mph),60 km (37 mi),"3,000 m (9,843 ft)",,,,
cessna-340,https://globalmilitary.net/aircraft/cessna-340/,Cessna 340,10.5 m (34.3 ft),11.6 m (38.1 ft),3.8 m (12.6 ft),17.1 m² (184.1 sqft),"1,779 kg (3,922 lbs)","2,717 kg (5,990 lbs)",2 × Continental TSIO-520-NB engines 230 kW each,452 km/h (281 mph),"2,602 km (1,617 mi)","9,100 m (29,856 ft)",8.4 m/s (27.6 ft/s),,1,
cessna-402,https://globalmilitary.net/aircraft/cessna-402/,Cessna 402,11.1 m (36.5 ft),13.5 m (44.2 ft),3.5 m (11.6 ft),21 m² (226.0 sqft),"1,846 kg (4,070 lbs)","3,107 kg (6,850 lbs)",2 × pistons engine Continental TSIO-520-VB 242 kW each,426 km/h (265 mph),"2,358 km (1,465 mi)","8,199 m (26,900 ft)",7.36 m/s (24.1 ft/s),,,
cessna-404,https://globalmilitary.net/aircraft/cessna-404/,Cessna 404 Titan,12.0 m (39.5 ft),14.1 m (46.4 ft),4.1 m (13.3 ft),22 m² (236.8 sqft),"2,193 kg (4,835 lbs)","3,810 kg (8,400 lbs)",2 × radial engine Continental GTSIO-520-M 280 kW each,430 km/h (267 mph),"3,410 km (2,119 mi)","7,925 m (26,001 ft)",8.0 m/s (26.2 ft/s),,,
sr-20,https://globalmilitary.net/aircraft/sr-20/,Cirrus SR-20,8 m (26.2 ft),11.7 m (38.4 ft),2.5 m (8.1 ft),13.5 m² (144.9 sqft),"943 kg (2,079 lbs)","1,383 kg (3,049 lbs)",1 × pistons engine Continental IO-360-ES 149 kW each,287 km/h (178 mph),"1,450 km (901 mi)",4 hours,"5,334 m (17,500 ft)",4.2 m/s (13.8 ft/s),,
sr-22,https://globalmilitary.net/aircraft/sr-22/,Cirrus SR22,7.9 m (26.0 ft),11.7 m (38.3 ft),2.7 m (8.9 ft),,"1,029 kg (2,269 lbs)","1,633 kg (3,600 lbs)",1 × piston engine Continental IO-550-N 231 kW each,343 km/h (213 mph),"1,943 km (1,207 mi)",,"5,334 m (17,500 ft)",6.45 m/s (21.2 ft/s),1,
commander-500,https://globalmilitary.net/aircraft/commander-500/,Commander 500,11.2 m (36.8 ft),15.0 m (49.0 ft),4.4 m (14.5 ft),24 m² (258.3 sqft),"2,102 kg (4,634 lbs)","3,062 kg (6,751 lbs)",2 × radial engine Lycoming IO-540-E1B5 216 kW each,346 km/h (215 mph),"1,735 km (1,078 mi)",,"5,913 m (19,400 ft)",6.8 m/s (22.3 ft/s),,
crecerelle,https://globalmilitary.net/aircraft/crecerelle/,Crécerelle,2.4 m (7.9 ft),3.3 m (10.8 ft),0.7 m (2.3 ft),,,120 kg (265 lbs),1 × WAE 342 19 kW each,240 km/h (149 mph),,5 hours,"3,100 m (10,171 ft)",,,
da-42,https://globalmilitary.net/aircraft/da-42/,DA42 Twin Star,8 m (26.2 ft),13.4 m (44.0 ft),2.5 m (8.2 ft),16.3 m² (175.3 sqft),"1,200 kg (2,646 lbs)","2,000 kg (4,409 lbs)",2 × pistons engine Thielert Centurion 2.0L 100 kW each,354 km/h (220 mph),"2,250 km (1,398 mi)",,"9,000 m (29,528 ft)",7.9 m/s (25.9 ft/s),,
dh-110-sea-vixen,https://globalmilitary.net/aircraft/dh-110-sea-vixen/,DH.110 Sea Vixen,16.9 m (55.6 ft),15.5 m (51.0 ft),3.3 m (10.8 ft),60.2 m² (648.0 sqft),"12,680 kg (27,955 lbs)","21,205 kg (46,749 lbs)","2 × turbojets Rolls-Royce Avon 208 4,990 kgf each",1127 km/h (Mach 1.13),"1,270 km (789 mi)",,"15,000 m (49,213 ft)",46.0 m/s (150.9 ft/s),"2 (pilot, radar operator)",Martin-Baker Mk 4
dhc-2-beaver,https://globalmilitary.net/aircraft/dhc-2-beaver/,DHC-2 Beaver,9.2 m (30.3 ft),15 m (49.2 ft),2.7 m (9.0 ft),23 m² (247.6 sqft),"1,361 kg (3,000 lbs)",,1 × pistons engine Pratt & Whitney R-985-AN-1 336 kW each,254 km/h (158 mph),732 km (455 mi),5 hours,"5,486 m (17,999 ft)",5.2 m/s (17.1 ft/s),1,
dhc-3-otter,https://globalmilitary.net/aircraft/dhc-3-otter/,DHC-3 Otter,12.8 m (42.0 ft),18 m (59.1 ft),3.8 m (12.6 ft),35 m² (376.7 sqft),"2,010 kg (4,431 lbs)","3,629 kg (8,001 lbs)",1 × radial engine Pratt & Whitney R-1340-S1H1-G Wasp 447 kW each,257 km/h (160 mph),"1,540 km (957 mi)",,"5,730 m (18,799 ft)",4.3 m/s (14.1 ft/s),1,
dhc-4-caribou,https://globalmilitary.net/aircraft/dhc-4-caribou/,DHC-4 Caribou,22.1 m (72.6 ft),29.1 m (95.6 ft),9.7 m (31.8 ft),84.7 m² (911.7 sqft),"8,283 kg (18,261 lbs)","12,927 kg (28,499 lbs)","2 × Pratt & Whitney R-2000-7M2 Twin Wasp 1,080 kW each",346 km/h (215 mph),"2,104 km (1,307 mi)",,"7,600 m (24,934 ft)",6.88 m/s (22.6 ft/s),"3 (2 pilots, loadmaster)",
dhc-5-buffalo,https://globalmilitary.net/aircraft/dhc-5-buffalo/,DHC-5 Buffalo,24 m (78.7 ft),29 m (95.1 ft),8.8 m (28.8 ft),88 m² (947.2 sqft),"11,412 kg (25,159 lbs)","22,317 kg (49,201 lbs)","2 × turboprops General Electric CT64-820-4 2,336 kW each",467 km/h (290 mph),"1,100 km (684 mi)",,"9,449 m (31,001 ft)",11.8 m/s (38.7 ft/s),,
dhc-6-twin-otter,https://globalmilitary.net/aircraft/dhc-6-twin-otter/,DHC-6 Twin Otter,15.8 m (51.9 ft),20 m (65.6 ft),6.0 m (19.6 ft),39 m² (419.8 sqft),"3,175 kg (7,000 lbs)","5,670 kg (12,500 lbs)",2 × turboprops Pratt & Whitney Canada PT6A-27 410 kW each,315 km/h (196 mph),"1,480 km (920 mi)","7,620 m (25,000 ft)",8.1 m/s (26.6 ft/s),,,
dhc-7-dash-7,https://globalmilitary.net/aircraft/dhc-7-dash-7/,DHC-7 Dash 7,23.6 m (77.4 ft),28 m (91.9 ft),8.0 m (26.2 ft),80 m² (861.1 sqft),"12,542 kg (27,650 lbs)","19,958 kg (44,000 lbs)",4 × turboprops Pratt & Whitney Canada PT6A-50 835 kW each,451 km/h (280 mph),"1,280 km (795 mi)","6,401 m (21,001 ft)",5.7 m/s (18.7 ft/s),,,
dhc-8-dash-8,https://globalmilitary.net/aircraft/dhc-8-dash-8/,DHC-8 Dash 8,22 m (72.2 ft),26 m (85.3 ft),7.5 m (24.6 ft),54.4 m² (585.6 sqft),"14,787 kg (32,600 lbs)","15,649 kg (34,500 lbs)","2 × turboprops Pratt & Whitney Canada PW-120A 1,342 kW each",451 km/h (280 mph),"1,600 km (994 mi)","9,144 m (30,000 ft)",,,,
seeker,https://globalmilitary.net/aircraft/seeker/,Denel Seeker,,,,,,,,,250 km (155 mi),"6,100 m (20,013 ft)",,10 hours,,
dhruv,https://globalmilitary.net/aircraft/dhruv/,Dhruv,15.9 m (52.1 ft),13.2 m (43.3 ft),5.0 m (16.3 ft),,"4,445 kg (9,800 lbs)","5,580 kg (12,302 lbs)",2 × turboshafts Turbomeca TM333-2B2 807 kW each,280 km/h (174 mph),630 km (391 mi),"4,400 m (14,436 ft)",10.33 m/s (33.9 ft/s),,2,
da-62,https://globalmilitary.net/aircraft/da-62/,Diamond DA62,9.2 m (30.2 ft),14.6 m (47.7 ft),2.8 m (9.3 ft),17.1 m² (184.1 sqft),"1,590 kg (3,505 lbs)","2,300 kg (5,071 lbs)",2 × turboshafts Austro AE 330 132 kW each,372 km/h (231 mph),"2,380 km (1,479 mi)","6,069 m (19,911 ft)",5.2 m/s (17.1 ft/s),10 hours,,"480 m (1,575 ft)"
dornier-128,https://globalmilitary.net/aircraft/dornier-128/,Do 128,11.4 m (37.4 ft),15.6 m (51.0 ft),3.9 m (12.8 ft),29 m² (312.2 sqft),"2,348 kg (5,176 lbs)","3,842 kg (8,470 lbs)",2 × turboprops Pratt & Whitney Canada PT6A-110 298 kW each,325 km/h (202 mph),"2,950 km (1,833 mi)","9,936 m (32,598 ft)",,,,
dornier-228,https://globalmilitary.net/aircraft/dornier-228/,Do 228,16.6 m (54.3 ft),17.0 m (55.7 ft),4.9 m (15.9 ft),32 m² (344.4 sqft),"3,739 kg (8,243 lbs)","6,400 kg (14,110 lbs)",2 × turboprops Garrett TPE331-5-252D 578 kW each,470 km/h (292 mph),396 km (246 mi),"8,534 m (27,999 ft)",7.5 m/s (24.6 ft/s),,,
dornier-328,https://globalmilitary.net/aircraft/dornier-328/,Do 328,21.1 m (69.3 ft),21.0 m (68.8 ft),7.2 m (23.8 ft),40 m² (430.6 sqft),"8,920 kg (19,665 lbs)","13,990 kg (30,843 lbs)","2 × turboprops Pratt & Whitney Canada PW119B 1,400 kW each",620 km/h (385 mph),"1,852 km (1,151 mi)","9,455 m (31,020 ft)",,,,
dc-3,https://globalmilitary.net/aircraft/dc-3/,Douglas DC-3,22.7 m (74.5 ft),29 m (95.1 ft),5.6 m (18.2 ft),91.7 m² (987.0 sqft),"6,450 kg (14,220 lbs)","13,154 kg (29,000 lbs)",3 × turboprops Pratt & Whitney Canada PT6A-45 875 kW each,413 km/h (257 mph),"2,540 km (1,578 mi)","7,071 m (23,199 ft)",5.8 m/s (19.0 ft/s),,,
e2-hawkeye,https://globalmilitary.net/aircraft/e2-hawkeye/,E-2 Hawkeye,5,17.6 m (57.7 ft),24.6 m (80.6 ft),5.6 m (18.3 ft),65 m² (699.7 sqft),"19,536 kg (43,069 lbs)","57,500 kg (126,766 lbs)","2 × turboprops Rolls-Royce T56-A-427A 3,803 kW each",648 km/h (403 mph),"2,708 km (1,683 mi)",6 hours,"10,577 m (34,701 ft)",13.0 m/s (42.7 ft/s)
e3-sentry-awacs,https://globalmilitary.net/aircraft/e3-sentry-awacs/,E-3 Sentry AWACS,17,46.6 m (153.0 ft),44.4 m (145.8 ft),12.6 m (41.3 ft),283 m² (3046.2 sqft),"83,915 kg (185,001 lbs)","147,417 kg (324,998 lbs)","4 × turbofans Pratt & Whitney TF33-PW-100A 9,752 kgf each",853 km/h (530 mph),"7,400 km (4,598 mi)",8 hours,"10,668 m (35,000 ft)",
e4-noac,https://globalmilitary.net/aircraft/e4-noac/,E-4 NOAC,112,70.5 m (231.3 ft),59.7 m (195.9 ft),19.3 m (63.3 ft),510 m² (5489.6 sqft),"190,000 kg (418,878 lbs)","374,850 kg (826,402 lbs)","4 × turbofans General Electric CF6-50E2 23,814 kgf each",969 km/h (602 mph),"12,600 km (7,829 mi)",12 hours,"13,716 m (45,000 ft)",
e6-mercury,https://globalmilitary.net/aircraft/e6-mercury/,E-6 Mercury TACAMO,22,45.8 m (150.3 ft),45.2 m (148.3 ft),12.9 m (42.3 ft),,"78,378 kg (172,794 lbs)","155,128 kg (341,998 lbs)","4 × turbofans CFM International CFM56-2A-2 11,213 kgf each",966 km/h (600 mph),"12,000 km (7,456 mi)",15 hours,"12,192 m (40,000 ft)",
e7-wedgetail,https://globalmilitary.net/aircraft/e7-wedgetail/,E-7 Wedgetail,"21 (2 flight crew, 19 mission crew)",33.6 m (110.2 ft),35.8 m (117.5 ft),12.5 m (41.0 ft),91 m² (979.5 sqft),"46,606 kg (102,749 lbs)","77,600 kg (171,079 lbs)",2 × CFM International CFM56-7B27A 121 kN each,853 km/h (530 mph),"6,500 km (4,039 mi)",17 hours,"12,500 m (41,011 ft)",
e8-joint-stars,https://globalmilitary.net/aircraft/e8-joint-stars/,E-8 Joint STARS,24–40,46.6 m (152.9 ft),44.4 m (145.7 ft),13.0 m (42.5 ft),283.4 m² (3050.0 sqft),"77,564 kg (170,999 lbs)","152,407 kg (336,000 lbs)","4 × turbofans Pratt & Whitney TF33-102C 8,709 kgf each",853 km/h (530 mph),"6,821 km (4,238 mi)",9 hours,"12,802 m (42,001 ft)",
ea-18g-growler,https://globalmilitary.net/aircraft/ea-18g-growler/,EA-18G Growler,2,18.3 m (60.1 ft),13.6 m (44.7 ft),4.9 m (16.0 ft),46.5 m² (500.5 sqft),"15,011 kg (33,094 lbs)","29,964 kg (66,059 lbs)","2 × General Electric F414-GE-400 9,979 kgf each",1900 km/h (Mach 1.9),"2,346 km (1,458 mi)",,"15,000 m (49,213 ft)",
ea-37b-compass-call,https://globalmilitary.net/aircraft/ea-37b-compass-call/,EA-37B Compass Call,"up to 9 (2 pilots, up to 7 mission crew)",29.4 m (96.4 ft),28.5 m (93.5 ft),7.9 m (25.8 ft),,"21,909 kg (48,301 lbs)","44,452 kg (98,000 lbs)","2 × turbofans Rolls-Royce BR700-710C4-11 6,979 kgf each",870 km/h (541 mph),"7,100 km (4,412 mi)",,"14,000 m (45,932 ft)",
ea-6b-prowler,https://globalmilitary.net/aircraft/ea-6b-prowler/,EA-6B Prowler,"4 (pilot, 3 electronic countermeasures officers)",18.0 m (59.1 ft),16 m (52.5 ft),5.1 m (16.8 ft),49.2 m² (529.8 sqft),"14,134 kg (31,160 lbs)","27,896 kg (61,500 lbs)","2 × turbojets Pratt & Whitney J52-P408A 4,717 kgf each",1048 km/h (Mach 1.05),"3,745 km (2,327 mi)",,"11,460 m (37,598 ft)",65.0 m/s (213.3 ft/s)
ec-130-commando-solo,https://globalmilitary.net/aircraft/ec-130-commando-solo/,EC-130 Commando Solo,,29.7 m (97.4 ft),40.3 m (132.2 ft),11.8 m (38.7 ft),162 m² (1743.8 sqft),"34,274 kg (75,561 lbs)","74,389 kg (163,999 lbs)","4 × turboprops Rolls-Royce AE 2100D3 4,474 kW each",671 km/h (417 mph),"4,300 km (2,672 mi)",,"8,534 m (27,999 ft)",10.7 m/s (35.1 ft/s)
ec-130h-compass-call,https://globalmilitary.net/aircraft/ec-130h-compass-call/,EC-130H Compass Call,"13 (4 flight crew, 9 mission crew)",30.1 m (98.8 ft),40.4 m (132.6 ft),11.7 m (38.3 ft),162.1 m² (1744.8 sqft),"45,813 kg (101,000 lbs)","70,307 kg (155,000 lbs)","4 × turboprops Allison T56-A-15 3,424 kW each",589 km/h (366 mph),"4,250 km (2,641 mi)","7,600 m (24,934 ft)",,,,
ec-135-aria,https://globalmilitary.net/aircraft/ec-135-aria/,EC-135 / EC-18 ARIA,11,43.1 m (141.5 ft),31.6 m (103.8 ft),12.7 m (41.7 ft),223 m² (2400.3 sqft),"44,663 kg (98,465 lbs)","136,304 kg (300,499 lbs)","4 × turbofans Pratt & Whitney TF33-PW-102 8,165 kgf each",927 km/h (576 mph),"8,300 km (5,157 mi)","10,058 m (32,999 ft)",11 hours,,,
tiger,https://globalmilitary.net/aircraft/tiger/,EC665 Tiger,"2 (pilot, WSO)",15.8 m (51.8 ft),4.5 m (14.9 ft),3.8 m (12.5 ft),,"4,200 kg (9,259 lbs)","6,100 kg (13,448 lbs)",2 × turboshafts MTU MTR 390 958 kW each,315 km/h (196 mph),800 km (497 mi),"2,000 m (6,562 ft)",,11.5 m/s (37.7 ft/s),,
ef-111-raven,https://globalmilitary.net/aircraft/ef-111-raven/,EF-111 Raven,"2 (pilot, electronic warfare officer)",23.5 m (77.1 ft),19.2 m (63.0 ft),5 m (16.4 ft),48.8 m² (525.2 sqft),"24,230 kg (53,418 lbs)","39,680 kg (87,479 lbs)","2 × Pratt & Whitney TF30-P-109 8,390 kgf each",2350 km/h (Mach 2.35),"3,220 km (2,001 mi)","17,000 m (55,774 ft)",4 hours,55.9 m/s (183.4 ft/s),,
emb-110,https://globalmilitary.net/aircraft/emb-110/,EMB 110,2,15.1 m (49.5 ft),15.3 m (50.3 ft),4.9 m (16.1 ft),29.1 m² (313.2 sqft),"3,590 kg (7,915 lbs)","5,900 kg (13,007 lbs)",2 × Pratt & Whitney Canada PT6A-34 turboprop engines,459 km/h (285 mph),"1,964 km (1,220 mi)","6,550 m (21,490 ft)",,8.3 m/s (27.2 ft/s),,
emb-120,https://globalmilitary.net/aircraft/emb-120/,EMB 120 Brasilia,,20 m (65.6 ft),19.8 m (64.9 ft),6.4 m (20.8 ft),39.4 m² (424.1 sqft),"7,070 kg (15,587 lbs)","11,500 kg (25,353 lbs)","2 × turboprops Pratt & Whitney Canada PW118 1,342 kW each",608 km/h (378 mph),"1,750 km (1,087 mi)","9,083 m (29,800 ft)",,,"1,420 m (4,659 ft)",
emb-121-xingu,https://globalmilitary.net/aircraft/emb-121-xingu/,EMB 121 Xingu,1–2,12.3 m (40.2 ft),14.1 m (46.1 ft),4.8 m (15.9 ft),27.5 m² (296.0 sqft),"3,710 kg (8,179 lbs)","5,670 kg (12,500 lbs)",2 × turboprops Pratt & Whitney Canada PT6A-135 559 kW each,467 km/h (290 mph),"1,230 km (764 mi)","8,534 m (27,999 ft)",,9.14 m/s (30.0 ft/s),,
emb-312,https://globalmilitary.net/aircraft/emb-312/,EMB 312 Tucano,,9.9 m (32.3 ft),11.1 m (36.5 ft),3.4 m (11.2 ft),19.4 m² (208.8 sqft),"1,870 kg (4,123 lbs)","3,175 kg (7,000 lbs)",1 × turboprop Pratt & Whitney Canada PT6A-25C 559 kW each,448 km/h (278 mph),"1,916 km (1,191 mi)","9,145 m (30,003 ft)",,11.33 m/s (37.2 ft/s),"374 m (1,227 ft)",Martin-Baker Mk 8A
emb-314-super-tucano,https://globalmilitary.net/aircraft/emb-314-super-tucano/,EMB-314 Super Tucano,"2 (pilot, navigator/student)",11.4 m (37.3 ft),11.1 m (36.5 ft),4.0 m (13.0 ft),19.4 m² (208.8 sqft),"3,200 kg (7,055 lbs)","5,400 kg (11,905 lbs)","1 × Pratt & Whitney Canada PT6A-68C 1,196 kW each",590 km/h (367 mph),"2,855 km (1,774 mi)","10,668 m (35,000 ft)",8 hours,16.4 m/s (53.8 ft/s),,
luna,https://globalmilitary.net/aircraft/luna/,EMT Luna,,2.4 m (7.7 ft),4.2 m (13.7 ft),,,,40 kg (88 lbs),1 × two cylinder two stroke engine,70 km/h (43 mph),65 km (40 mi),"3,500 m (11,483 ft)",6 hours,,,
erj-135,https://globalmilitary.net/aircraft/erj-135/,ERJ 135,26.3 m (86.4 ft),20.0 m (65.7 ft),6.8 m (22.2 ft),"11,501 kg (25,355 lbs)","19,000 kg (41,888 lbs)","2 × turbofans Rolls-Royce AE 3007A-1 3,538 kgf each",828 km/h (514 mph),"3,240 km (2,013 mi)","11,278 m (37,001 ft)","1,640 m (5,381 ft)",,,,,
eitan,https://globalmilitary.net/aircraft/eitan/,Eitan (Heron TP),14 m (45.9 ft),26 m (85.3 ft),,"4,650 kg (10,251 lbs)","5,670 kg (12,500 lbs)",1 × Pratt & Whitney PT6A turboprop engine,407 km/h (253 mph),"7,400 km (4,598 mi)","12,500 m (41,011 ft)",,30 hours,,,,
skylark,https://globalmilitary.net/aircraft/skylark/,Elbit Skylark,2.2 m (7.2 ft),2.4 m (7.9 ft),,,5 kg (11 lbs),,74 km/h (46 mph),40 km (25 mi),"4,900 m (16,076 ft)",,2 hours,,,,
eleron-3,https://globalmilitary.net/aircraft/eleron-3/,Eleron-3,0.6 m (2.0 ft),1.5 m (4.8 ft),,,5 kg (11 lbs),1 × electric motor,130 km/h (81 mph),60 km (37 mi),"4,000 m (13,123 ft)",,1 hours,,,,
lightning,https://globalmilitary.net/aircraft/lightning/,English Electric Lightning,16.8 m (55.1 ft),10.6 m (34.8 ft),6.0 m (19.6 ft),"14,092 kg (31,068 lbs)","20,752 kg (45,750 lbs)","2 × turbojets Rolls-Royce Avon 301R 7,421 kgf each",2414 km/h (Mach 2.41),"1,482 km (921 mi)","16,459 m (53,999 ft)",,,1,44.1 m² (474.5 sqft),Martin-Baker Mk 4,100.0 m/s (328.1 ft/s)
enstrom-480,https://globalmilitary.net/aircraft/enstrom-480/,Enstrom 480,8.9 m (29.1 ft),9.8 m (32.0 ft),3.0 m (9.7 ft),"760 kg (1,676 lbs)","1,293 kg (2,851 lbs)",1 × turboprop Allison 250-C20W 213 kW each,211 km/h (131 mph),700 km (435 mi),"3,962 m (12,999 ft)",,,,,,7.62 m/s (25.0 ft/s)
enstrom-f-28,https://globalmilitary.net/aircraft/enstrom-f-28/,Enstrom F-28,8.9 m (29.3 ft),9.8 m (32.0 ft),2.7 m (9.0 ft),"712 kg (1,570 lbs)","1,179 kg (2,599 lbs)",1 × pistons engine Lycoming HIO-360-F1AD 168 kW each,180 km/h (112 mph),446 km (277 mi),"3,658 m (12,001 ft)",,,1,,,7.37 m/s (24.2 ft/s)
eurodrone,https://globalmilitary.net/aircraft/eurodrone/,Eurodrone,16 m (52.5 ft),26 m (85.3 ft),6 m (19.7 ft),"11,000 kg (24,251 lbs)","13,000 kg (28,660 lbs)",2 × General Electric Catalyst turboprop,500 km/h (311 mph),,"12,000 m (39,370 ft)",,40 hours,,,,
f100-super-sabre,https://globalmilitary.net/aircraft/f100-super-sabre/,F-100 Super Sabre,15.2 m (49.9 ft),11.8 m (38.7 ft),5.0 m (16.2 ft),"9,500 kg (20,944 lbs)","15,800 kg (34,833 lbs)","1 × turbojet Pratt & Whitney J57-P-21 7,257 kgf each",1390 km/h (Mach 1.39),"3,211 km (1,995 mi)","15,240 m (50,000 ft)",,,1,37 m² (398.3 sqft),North American WA-1,114.0 m/s (374.0 ft/s)
f101-voodoo,https://globalmilitary.net/aircraft/f101-voodoo/,F-101 Voodoo,20.6 m (67.4 ft),12.1 m (39.7 ft),5.5 m (18.0 ft),"12,925 kg (28,495 lbs)","23,770 kg (52,404 lbs)","2 × turbojets Pratt & Whitney J57-P-55 7,666 kgf each",1825 km/h (Mach 1.82),"2,450 km (1,522 mi)","17,800 m (58,399 ft)",,,"2 (pilot, radar operator)",34.2 m² (368.1 sqft),Weber F-101,250.0 m/s (820.2 ft/s)
f102-delta-dagger,https://globalmilitary.net/aircraft/f102-delta-dagger/,F-102 Delta Dagger,1,20.8 m (68.3 ft),11.6 m (38.1 ft),6.5 m (21.2 ft),61.5 m² (662.2 sqft),"8,777 kg (19,350 lbs)","14,288 kg (31,500 lbs)","1 × turbojet Pratt & Whitney J57-P-25 7,711 kgf each",Weber We-Convair,1328 km/h (Mach 1.33),"2,170 km (1,348 mi)","16,276 m (53,399 ft)",66.0 m/s (216.5 ft/s)
f104-starfighter,https://globalmilitary.net/aircraft/f104-starfighter/,F-104 Starfighter,1,16.7 m (54.7 ft),6.4 m (20.9 ft),4.1 m (13.4 ft),18.2 m² (196.1 sqft),"6,350 kg (13,999 lbs)","13,170 kg (29,035 lbs)","1 × turbojet General Electric J79-GE-11A 7,076 kgf each",Martin-Baker Mk 7,2500 km/h (Mach 2.5),"2,623 km (1,630 mi)","15,240 m (50,000 ft)",244.0 m/s (800.5 ft/s)
f105-thunderchief,https://globalmilitary.net/aircraft/f105-thunderchief/,F-105 Thunderchief,1,19.6 m (64.4 ft),10.7 m (34.9 ft),6.0 m (19.7 ft),35.8 m² (384.9 sqft),"12,470 kg (27,492 lbs)","23,834 kg (52,545 lbs)","1 × turbojet Pratt & Whitney J75-P-19W 12,020 kgf each",Republic F-105,2208 km/h (Mach 2.21),"3,550 km (2,206 mi)","14,783 m (48,501 ft)",195.0 m/s (639.8 ft/s)
f106-delta-dart,https://globalmilitary.net/aircraft/f106-delta-dart/,F-106 Delta Dart,1,21.6 m (70.7 ft),11.7 m (38.3 ft),6.2 m (20.3 ft),61.5 m² (661.5 sqft),"11,077 kg (24,421 lbs)","15,653 kg (34,509 lbs)",1 × Pratt & Whitney J75-P-17 109 kN each,,2454 km/h (Mach 2.45),"4,345 km (2,700 mi)","17,000 m (55,774 ft)",150.0 m/s (492.1 ft/s)
f111-aardvark,https://globalmilitary.net/aircraft/f111-aardvark/,F-111 Aardvark,"2 (pilot, WSO)",22.4 m (73.5 ft),19.2 m (63.0 ft),5 m (16.4 ft),61.1 m² (657.4 sqft),"21,400 kg (47,179 lbs)","45,359 kg (99,999 lbs)","2 × turbofans Pratt & Whitney TF30-P-100 11,385 kgf each",Escape capsule,2655 km/h (Mach 2.65),"5,940 km (3,691 mi)","20,117 m (66,001 ft)",131.5 m/s (431.4 ft/s)
f117-nighthawk,https://globalmilitary.net/aircraft/f117-nighthawk/,F-117 Nighthawk,1,20.1 m (65.9 ft),13.2 m (43.3 ft),3.8 m (12.4 ft),73 m² (785.8 sqft),"13,380 kg (29,498 lbs)","25,000 kg (55,115 lbs)","2 × turbofans General Electric F404-F1D2 4,781 kgf each",McDonnell Douglas ACES II,993 km/h (617 mph),"1,720 km (1,069 mi)","21,031 m (68,999 ft)",
f14-tomcat,https://globalmilitary.net/aircraft/f14-tomcat/,F-14 Tomcat,"2 (pilot, radar intercept officer)",19.1 m (62.7 ft),19.6 m (64.1 ft),4.9 m (16.0 ft),52.5 m² (565.0 sqft),"18,191 kg (40,104 lbs)","33,724 kg (74,349 lbs)","2 × turbofans Pratt & Whitney TF30-P-412A 12,224 kgf each",Martin-Baker GRU-7A,2485 km/h (Mach 2.48),"3,000 km (1,864 mi)","17,069 m (56,001 ft)",152.0 m/s (498.7 ft/s)
f15-eagle,https://globalmilitary.net/aircraft/f15-eagle/,F-15 Eagle,1,19.4 m (63.7 ft),13.1 m (42.8 ft),5.6 m (18.5 ft),56.5 m² (608.2 sqft),"12,701 kg (28,001 lbs)","30,844 kg (67,999 lbs)","2 × turbofans Pratt & Whitney F100-PW-220 10,782 kgf each",McDonnell Douglas ACES II,2655 km/h (Mach 2.65),"3,971 km (2,467 mi)","19,812 m (65,000 ft)",254.0 m/s (833.3 ft/s)
f15e-strike-eagle,https://globalmilitary.net/aircraft/f15e-strike-eagle/,F-15E Strike Eagle,"2 (pilot, WSO)",19.4 m (63.7 ft),13.1 m (42.8 ft),5.6 m (18.5 ft),56 m² (602.8 sqft),"14,379 kg (31,700 lbs)","36,741 kg (81,000 lbs)","2 × turbofans Pratt & Whitney F100-PW-229 13,200 kgf each",McDonnell Douglas ACES II,2655 km/h (Mach 2.65),"3,889 km (2,417 mi)","18,288 m (60,000 ft)",254.0 m/s (833.3 ft/s)
f15ex-eagle-ii,https://globalmilitary.net/aircraft/f15ex-eagle-ii/,F-15EX Eagle II,"1–2 (pilot, WSO)",19.4 m (63.7 ft),13.1 m (42.8 ft),5.7 m (18.7 ft),56.5 m² (608.2 sqft),"16,103 kg (35,501 lbs)","36,741 kg (81,000 lbs)",2 × General Electric F110-GE-129 129 kN each,McDonnell Douglas ACES II,2655 km/h (Mach 2.65),"3,889 km (2,417 mi)","18,000 m (59,055 ft)",250.0 m/s (820.2 ft/s)
f15i-raam,https://globalmilitary.net/aircraft/f15i-raam/,F-15I Ra'am,"2 (pilot, WSO)",19.4 m (63.7 ft),13.1 m (42.8 ft),5.6 m (18.5 ft),56.5 m² (608.2 sqft),"14,379 kg (31,700 lbs)","36,741 kg (81,000 lbs)","2 × turbofans Pratt & Whitney F100-PW-229 13,200 kgf each",McDonnell Douglas ACES II,2655 km/h (Mach 2.65),"4,450 km (2,765 mi)","18,288 m (60,000 ft)",254.0 m/s (833.3 ft/s),
f16-fighting-falcon,https://globalmilitary.net/aircraft/f16-fighting-falcon/,F-16 Fighting Falcon,1,15.1 m (49.4 ft),10.0 m (32.7 ft),4.9 m (16.0 ft),27.9 m² (300.0 sqft),"8,570 kg (18,894 lbs)","19,200 kg (42,329 lbs)","1 × turbofan General Electric F110-GE-100 12,701 kgf each",McDonnell Douglas ACES II,2178 km/h (Mach 2.18),"4,217 km (2,620 mi)","15,240 m (50,000 ft)",254.0 m/s (833.3 ft/s),
f16i-sufa,https://globalmilitary.net/aircraft/f16i-sufa/,F-16I Sufa,"2 (pilot, navigator)",15.1 m (49.4 ft),10.0 m (32.7 ft),4.9 m (16.0 ft),27.9 m² (300.0 sqft),,"23,582 kg (51,989 lbs)","1 × turbofan Pratt & Whitney F100-PW-229 13,227 kgf each",,2178 km/h (Mach 2.18),"4,220 km (2,622 mi)","15,240 m (50,000 ft)",,
f16v-viper,https://globalmilitary.net/aircraft/f16v-viper/,F-16V Viper,1,15.1 m (49.4 ft),10.0 m (32.7 ft),5.1 m (16.7 ft),27.9 m² (300.0 sqft),"9,207 kg (20,298 lbs)","21,772 kg (47,999 lbs)","1 × turbofan General Electric F110-GE-129 13,381 kgf each",Martin-Baker US18E,2414 km/h (Mach 2.41),"4,220 km (2,622 mi)","15,240 m (50,000 ft)",254.0 m/s (833.3 ft/s),
f22-raptor,https://globalmilitary.net/aircraft/f22-raptor/,F-22 Raptor,1,18.9 m (62.0 ft),13.6 m (44.5 ft),5.1 m (16.7 ft),78.0 m² (840.0 sqft),"19,700 kg (43,431 lbs)","38,000 kg (83,776 lbs)","2 × turbofans Pratt & Whitney F119-PW-100 15,876 kgf each",McDonnell Douglas ACES II,2414 km/h (Mach 2.41),"3,000 km (1,864 mi)","19,812 m (65,000 ft)",,
f35-lightning-ii,https://globalmilitary.net/aircraft/f35-lightning-ii/,F-35 Lightning II,1,15.6 m (51.2 ft),11 m (36.1 ft),4.4 m (14.3 ft),43 m² (462.8 sqft),"14,651 kg (32,300 lbs)","27,216 kg (60,001 lbs)","1 × turbofan Pratt & Whitney F-135-PW-600 19,500 kgf each",Martin-Baker US16E,1960 km/h (Mach 1.96),"2,800 km (1,740 mi)","15,000 m (49,213 ft)",,
f4-phantom-ii,https://globalmilitary.net/aircraft/f4-phantom-ii/,F-4 Phantom II,"2 (pilot, WSO or RIO)",19 m (62.3 ft),11.7 m (38.4 ft),5 m (16.4 ft),49.2 m² (529.6 sqft),"13,757 kg (30,329 lbs)","28,030 kg (61,795 lbs)","2 × turbojets General Electric J79-GE-17A 8,094 kgf each",Martin-Baker Mk 7,2370 km/h (Mach 2.37),"2,699 km (1,677 mi)","18,288 m (60,000 ft)",210.0 m/s (689.0 ft/s),"1,370 m (4,495 ft)"
f47,https://globalmilitary.net/aircraft/f47/,F-47,,,,,,,,,,2124 km/h (Mach 2.12),"1,900 km (1,181 mi)",,,
f5-freedom-fighter,https://globalmilitary.net/aircraft/f5-freedom-fighter/,F-5 Freedom Fighter,1,14.5 m (47.4 ft),8.1 m (26.7 ft),4.1 m (13.4 ft),17.3 m² (186.0 sqft),"4,349 kg (9,588 lbs)","11,187 kg (24,663 lbs)","2 × turbojets General Electric J85-GE-21B 3,176 kgf each",Northrop M-38,1700 km/h (Mach 1.7),"2,806 km (1,744 mi)","15,789 m (51,801 ft)",175.0 m/s (574.1 ft/s),
f5e-tiger-ii,https://globalmilitary.net/aircraft/f5e-tiger-ii/,F-5E Tiger II,1,14.5 m (47.4 ft),8.1 m (26.7 ft),4.1 m (13.4 ft),17.3 m² (186.0 sqft),"4,349 kg (9,588 lbs)","11,187 kg (24,663 lbs)","2 × turbojets General Electric J85-GE-21B 3,176 kgf each",Northrop M-38,1700 km/h (Mach 1.7),"3,723 km (2,313 mi)","15,789 m (51,801 ft)",175.0 m/s (574.1 ft/s),
f8-crusader,https://globalmilitary.net/aircraft/f8-crusader/,F-8 Crusader,1,16.5 m (54.2 ft),10.9 m (35.7 ft),4.8 m (15.7 ft),34.8 m² (374.6 sqft),"7,956 kg (17,540 lbs)","13,000 kg (28,660 lbs)","1 × turbojet Pratt & Whitney J57-P-20A 8,165 kgf each",Martin-Baker Mk 5,1971 km/h (Mach 1.97),"2,791 km (1,734 mi)","17,678 m (57,999 ft)",162.3 m/s (532.5 ft/s)
f84-thunderjet,https://globalmilitary.net/aircraft/f84-thunderjet/,F-84 Thunderjet,1,11.6 m (38.1 ft),11.1 m (36.4 ft),3.8 m (12.6 ft),24 m² (258.3 sqft),"5,200 kg (11,464 lbs)","10,590 kg (23,347 lbs)","1 × turbojet Allison J35-A-29 2,522 kgf each",Republic F-84,1001 km/h (Mach 1.0),"3,218 km (2,000 mi)","12,344 m (40,499 ft)",19.1 m/s (62.7 ft/s)
f84f-thunderstreak,https://globalmilitary.net/aircraft/f84f-thunderstreak/,F-84F Thunderstreak,1,13.2 m (43.4 ft),10.2 m (33.6 ft),4.6 m (15.0 ft),30.2 m² (325.0 sqft),"6,789 kg (14,967 lbs)","12,247 kg (27,000 lbs)","1 × turbojet Wright J65-W-3 3,275 kgf each",Martin-Baker Mk 5,1060 km/h (Mach 1.06),"1,304 km (810 mi)","12,000 m (39,370 ft)",42.0 m/s (137.8 ft/s)
f86-sabre,https://globalmilitary.net/aircraft/f86-sabre/,F-86 Sabre,1,11.4 m (37.5 ft),11.3 m (37.1 ft),4.4 m (14.4 ft),28.1 m² (302.5 sqft),"5,443 kg (12,000 lbs)","9,621 kg (21,211 lbs)","1 × turbojet Rolls-Royce Avon 26 3,402 kgf each",North American T-5,1127 km/h (Mach 1.13),"2,454 km (1,525 mi)","15,850 m (52,001 ft)",61.0 m/s (200.1 ft/s)
fa-18ef-super-hornet,https://globalmilitary.net/aircraft/fa-18ef-super-hornet/,F/A-18 E/F Super Hornet,"1–2 (1 on the E, 2 on the F)",18.3 m (60.1 ft),13.6 m (44.7 ft),4.9 m (16.0 ft),46.5 m² (500.5 sqft),"14,550 kg (32,077 lbs)","29,900 kg (65,918 lbs)","2 × General Electric F414-GE-400 turbofans 9,979 kgf each",Martin-Baker Mk 14,1915 km/h (Mach 1.92),"2,346 km (1,458 mi)","15,940 m (52,297 ft)",228.0 m/s (748.0 ft/s)
fa-18-hornet,https://globalmilitary.net/aircraft/fa-18-hornet/,F/A-18 Hornet,"1–2 (1 on the C, 2 on the D)",17.1 m (56.1 ft),12.3 m (40.4 ft),4.7 m (15.4 ft),38 m² (409.0 sqft),"10,433 kg (23,001 lbs)","23,541 kg (51,899 lbs)","2 × General Electric F404-GE-402 afterburning turbofan engines 8,051 kgf each",Martin-Baker Mk 14,1915 km/h (Mach 1.92),"2,017 km (1,253 mi)","15,000 m (49,213 ft)",250.0 m/s (820.2 ft/s)
f27-friendship,https://globalmilitary.net/aircraft/f27-friendship/,F27 Friendship,,23.6 m (77.3 ft),29 m (95.1 ft),8.5 m (27.9 ft),70 m² (753.5 sqft),"12,148 kg (26,782 lbs)","20,410 kg (44,996 lbs)","2 × turboprops Rolls-Royce Dart Mk 536-7R 1,529 kW each",,509 km/h (316 mph),"2,600 km (1,616 mi)","8,992 m (29,501 ft)",7.4 m/s (24.3 ft/s)
f28-fellowship,https://globalmilitary.net/aircraft/f28-fellowship/,F28 Fellowship,,29.6 m (97.2 ft),25.1 m (82.3 ft),8.5 m (27.8 ft),79.0 m² (850.0 sqft),"16,144 kg (35,591 lbs)","33,000 kg (72,752 lbs)","2 × turbofans Rolls-Royce RB183-2 Spey Junior Mk 155-15P 4,491 kgf each",,848 km/h (527 mph),"1,700 km (1,056 mi)","8,839 m (28,999 ft)",
f406-caravan-ii,https://globalmilitary.net/aircraft/f406-caravan-ii/,F406 Caravan II,,12 m (39.4 ft),15.1 m (49.5 ft),4.0 m (13.2 ft),24 m² (258.3 sqft),"2,283 kg (5,033 lbs)","4,246 kg (9,361 lbs)",2 × turboprops Pratt & Whitney Canada PT6A-112 373 kW each,,423 km/h (263 mph),"2,135 km (1,327 mi)","9,144 m (30,000 ft)",9.4 m/s (30.8 ft/s)
fa-50-fighting-eagle,https://globalmilitary.net/aircraft/fa-50-fighting-eagle/,FA-50 Fighting Eagle,2,13.1 m (43.1 ft),9.5 m (31.0 ft),4.8 m (15.8 ft),23.7 m² (255.0 sqft),"6,470 kg (14,264 lbs)","10,722 kg (23,638 lbs)",1 × General Electric F404-GE-102 79 kN each,,1840 km/h (Mach 1.84),"1,851 km (1,150 mi)","14,630 m (47,999 ft)",198.0 m/s (649.6 ft/s)
fp-1,https://globalmilitary.net/aircraft/fp-1/,FP-1,1 × Two-cylinder piston engine driving a pusher propeller; solid rocket booster for launch,"1,600 km (994 mi)",,,,,,,,,,,,
fq-42-dark-merlin,https://globalmilitary.net/aircraft/fq-42-dark-merlin/,FQ-42 Dark Merlin,,,,,,,,,,,,,,
fq-44-fury,https://globalmilitary.net/aircraft/fq-44-fury/,FQ-44 Fury,1 × Williams FJ44-4M 18 kN each,,6.1 m (20.0 ft),5.2 m (17.1 ft),"2,268 kg (5,000 lbs)",1010 km/h (Mach 1.01),"15,000 m (49,213 ft)",,,,,,,
ft5-los,https://globalmilitary.net/aircraft/ft5-los/,FT5 Łoś,2 × EFI-controlled piston engine,300 km (186 mi),3.1 m (10.2 ft),6.4 m (21.0 ft),85 kg (187 lbs),180 km/h (112 mph),"5,000 m (16,404 ft)",55 kg (121 lbs),10 hours,,,,,
metroliner,https://globalmilitary.net/aircraft/metroliner/,Fairchild Metroliner,2 × turboprops AlliedSignal TPE331-11U-601G 746 kW each,"1,100 km (684 mi)",12.9 m (42.2 ft),14.1 m (46.3 ft),"6,350 kg (13,999 lbs)",533 km/h (331 mph),"9,449 m (31,001 ft)","3,963 kg (8,737 lbs)",,5.1 m (16.8 ft),,,,
gannet,https://globalmilitary.net/aircraft/gannet/,Fairey Gannet,"1 × turboprop Armstrong Siddeley Double Mamba 102 2,890 kW each","1,127 km (700 mi)",13.4 m (44.0 ft),16.6 m (54.5 ft),"11,340 kg (25,000 lbs)",417 km/h (259 mph),"7,700 m (25,262 ft)","7,421 kg (16,360 lbs)",6 hours,5.1 m (16.8 ft),"3 (pilot, 2 radar operators)",44.9 m² (483.3 sqft),,
falcon-10,https://globalmilitary.net/aircraft/falcon-10/,Falcon 10,"2 × turbofans Honeywell TFE731-2-1C 1,506 kgf each","3,555 km (2,209 mi)",13.9 m (45.5 ft),13.1 m (42.9 ft),"8,500 kg (18,739 lbs)",907 km/h (564 mph),"13,716 m (45,000 ft)","5,055 kg (11,144 lbs)",,4.6 m (15.1 ft),,24.1 m² (259.4 sqft),23.4 m/s (76.8 ft/s),"1,356 m (4,449 ft)"
falcon-20,https://globalmilitary.net/aircraft/falcon-20/,Falcon 20,"2 × turbojets General Electric CF700-2D-2 2,041 kgf each","3,350 km (2,082 mi)",17.2 m (56.3 ft),16.3 m (53.5 ft),"13,000 kg (28,660 lbs)",863 km/h (536 mph),"12,802 m (42,001 ft)","7,530 kg (16,601 lbs)",,5.3 m (17.5 ft),,41 m² (441.3 sqft),,
falcon-2000,https://globalmilitary.net/aircraft/falcon-2000/,Falcon 2000,"2 × turbofans Pratt & Whitney Canada PW308C 3,175 kgf each","7,408 km (4,603 mi)",20.2 m (66.4 ft),19.3 m (63.4 ft),"18,597 kg (40,999 lbs)",1050 km/h (Mach 1.05),"15,545 m (51,001 ft)","9,405 kg (20,734 lbs)",,7.1 m (23.2 ft),,49 m² (527.4 sqft),,
falcon-50,https://globalmilitary.net/aircraft/falcon-50/,Falcon 50,"3 × turbofans Honeywell TFE731-3-1C 1,681 kgf each","5,695 km (3,539 mi)",18.8 m (61.7 ft),18.9 m (62.0 ft),"18,500 kg (40,785 lbs)",888 km/h (552 mph),"13,716 m (45,000 ft)","9,150 kg (20,172 lbs)",,7.0 m (22.9 ft),,46.8 m² (504.1 sqft),17.42 m/s (57.2 ft/s),"1,524 m (5,000 ft)"
falcon-7x,https://globalmilitary.net/aircraft/falcon-7x/,Falcon 7X,3,23.4 m (76.7 ft),26.2 m (86.0 ft),7.8 m (25.7 ft),70.7 m² (761.0 sqft),"31,800 kg (70,107 lbs)",3 × Pratt & Whitney Canada PW307A 27 kN each,1078 km/h (Mach 1.08),"11,019 km (6,847 mi)","15,545 m (51,001 ft)",,,
falcon-8x,https://globalmilitary.net/aircraft/falcon-8x/,Falcon 8X,3,24.5 m (80.2 ft),26.3 m (86.3 ft),7.9 m (26.0 ft),,"33,113 kg (73,002 lbs)","3 × Pratt & Whitney Canada PW307-D 3,059 kgf each",1111 km/h (Mach 1.11),"11,945 km (7,422 mi)","15,545 m (51,001 ft)","16,693 kg (36,802 lbs)",,
falcon-900,https://globalmilitary.net/aircraft/falcon-900/,Falcon 900,2,20.2 m (66.3 ft),19.3 m (63.4 ft),,49 m² (527.4 sqft),"20,640 kg (45,503 lbs)","3 × turbofans Honeywell TFE731-5BR-1C 2,155 kgf each",1066 km/h (Mach 1.07),"7,400 km (4,598 mi)","15,500 m (50,853 ft)","10,255 kg (22,608 lbs)",,
flyeye,https://globalmilitary.net/aircraft/flyeye/,FlyEye,,1.8 m (5.9 ft),3.6 m (11.8 ft),,,,1 × electric motor,120 km/h (75 mph),80 km (50 mi),"3,000 m (9,843 ft)",,2 hours,
fokker-f50,https://globalmilitary.net/aircraft/fokker-f50/,Fokker 50,,25.3 m (82.8 ft),29 m (95.1 ft),8.3 m (27.3 ft),70 m² (753.5 sqft),"20,820 kg (45,900 lbs)","2 × turboprops Pratt & Whitney Canada PW125B 1,864 kW each",526 km/h (327 mph),"1,700 km (1,056 mi)","7,620 m (25,000 ft)","12,250 kg (27,007 lbs)",,
forpost,https://globalmilitary.net/aircraft/forpost/,Forpost,,5.9 m (19.2 ft),8.6 m (28.1 ft),1.3 m (4.1 ft),,450 kg (992 lbs),1 × Limbach L 550 35 kW each,201 km/h (125 mph),350 km (217 mi),"6,100 m (20,013 ft)",,18 hours,
fotros,https://globalmilitary.net/aircraft/fotros/,Fotros,,,,,,,,,"2,000 km (1,243 mi)","7,600 m (24,934 ft)",,30 hours,
fuji-t-1,https://globalmilitary.net/aircraft/fuji-t-1/,Fuji T-1,2,12.1 m (39.8 ft),10.5 m (34.4 ft),4.1 m (13.4 ft),22.2 m² (239.2 sqft),"5,000 kg (11,023 lbs)",1 × Bristol Siddeley Orpheus Mk 805 18 kN each,925 km/h (575 mph),"1,300 km (808 mi)","14,400 m (47,244 ft)","2,420 kg (5,335 lbs)",,33.0 m/s (108.3 ft/s)
fuji-t3,https://globalmilitary.net/aircraft/fuji-t3/,Fuji T-3,,8.0 m (26.4 ft),10 m (32.8 ft),3.0 m (9.9 ft),16.5 m² (177.6 sqft),"1,510 kg (3,329 lbs)",1 × pistons engine Lycoming IGSO-480-A1A6 254 kW each,377 km/h (234 mph),"1,038 km (645 mi)","8,169 m (26,801 ft)","1,120 kg (2,469 lbs)",,7.7 m/s (25.3 ft/s)
fuji-t-5,https://globalmilitary.net/aircraft/fuji-t-5/,Fuji T-5,2,8.4 m (27.6 ft),10 m (32.8 ft),2.9 m (9.5 ft),16.5 m² (177.6 sqft),"1,805 kg (3,979 lbs)",1 × Allison Model 250-B17D 261 kW each,357 km/h (222 mph),945 km (587 mi),"7,620 m (25,000 ft)","1,082 kg (2,385 lbs)",,8.6 m/s (28.2 ft/s)
fuji-t-7,https://globalmilitary.net/aircraft/fuji-t-7/,Fuji T-7,2,8.6 m (28.2 ft),10.0 m (32.9 ft),3.0 m (9.7 ft),16.5 m² (177.6 sqft),"1,585 kg (3,494 lbs)",1 × Rolls-Royce 250-B17F 336 kW each,,,,,,,,
g2-galeb,https://globalmilitary.net/aircraft/g2-galeb/,G-2 Galeb,,10.3 m (33.9 ft),11.6 m (38.1 ft),3.3 m (10.8 ft),19.4 m² (209.1 sqft),"4,300 kg (9,480 lbs)","1 × turbojet Armstrong Siddeley Viper ASV.11 Mk 22-6 1,134 kgf each","2,620 kg (5,776 lbs)",Folland Type 1-B,812 km/h (505 mph),669 km (416 mi),"12,000 m (39,370 ft)",22.8 m/s (74.8 ft/s),,
g222,https://globalmilitary.net/aircraft/g222/,G.222,,22.7 m (74.5 ft),28.7 m (94.2 ft),9.8 m (32.2 ft),82 m² (882.6 sqft),"28,000 kg (61,729 lbs)","2 × turboprops General Electric T64-GE-4PD 2,501 kW each","15,400 kg (33,951 lbs)",,540 km/h (336 mph),"1,371 km (852 mi)","7,620 m (25,000 ft)",8.6 m/s (28.2 ft/s),"662 m (2,172 ft)",
g91-gina,https://globalmilitary.net/aircraft/g91-gina/,G.91 Gina,1,10.3 m (33.8 ft),8.6 m (28.1 ft),4 m (13.1 ft),16.4 m² (176.5 sqft),"5,500 kg (12,125 lbs)","1 × turbojet Bristol-Siddeley Orpheus 803 2,268 kgf each","3,100 kg (6,834 lbs)",Martin-Baker Mk 6,1075 km/h (Mach 1.07),"1,150 km (715 mi)","13,106 m (42,999 ft)",30.0 m/s (98.4 ft/s),,
nomad,https://globalmilitary.net/aircraft/nomad/,GAF Nomad,,12.6 m (41.2 ft),16.5 m (54.2 ft),5.5 m (18.1 ft),31.1 m² (334.8 sqft),"3,855 kg (8,499 lbs)",2 × turboprops Allison 250-B17C 313 kW each,"2,150 kg (4,740 lbs)",,311 km/h (193 mph),"1,350 km (839 mi)","6,400 m (20,997 ft)",7.4 m/s (24.3 ft/s),,
phoenix,https://globalmilitary.net/aircraft/phoenix/,GEC-Marconi Phoenix,,,5.6 m (18.4 ft),,,175 kg (386 lbs),1 × Weslake Aero Engines WAE 342 19 kW each,,,166 km/h (103 mph),,"2,800 m (9,186 ft)",,,5 hours
gj-11-sharp-sword,https://globalmilitary.net/aircraft/gj-11-sharp-sword/,GJ-11 Sharp Sword,,12.2 m (40.0 ft),14.4 m (47.2 ft),2.7 m (8.9 ft),,,1 × Guizhou-built turbofan,"6,350 kg (13,999 lbs)",,1000 km/h (Mach 1.0),"4,000 km (2,485 mi)",,,,6 hours
gnat-750,https://globalmilitary.net/aircraft/gnat-750/,GNAT-750,,5 m (16.4 ft),10.8 m (35.3 ft),0.7 m (2.4 ft),,"517 kg (1,140 lbs)",1 × Rotax 912 64 kW each,254 kg (560 lbs),,213 km/h (132 mph),"2,000 km (1,243 mi)","7,600 m (24,934 ft)",,,48 hours
garpiya-a1,https://globalmilitary.net/aircraft/garpiya-a1/,Garpiya-A1,,,,,,300 kg (661 lbs),1 × Limbach L550E,,,,"1,500 km (932 mi)",,,,
geran-5,https://globalmilitary.net/aircraft/geran-5/,Geran-5,,6 m (19.7 ft),5.5 m (18.0 ft),,,"850 kg (1,874 lbs)",1 × turbojet Telefly,,,600 km/h (373 mph),"1,000 km (621 mi)",,,,
gerbera,https://globalmilitary.net/aircraft/gerbera/,Gerbera,2 m (6.6 ft),2.5 m (8.2 ft),18 kg (40 lbs),1 × DLE60,160 km/h (99 mph),600 km (373 mi),,,,,,,,
ga8-airvan,https://globalmilitary.net/aircraft/ga8-airvan/,GippsAero GA8 Airvan,9.0 m (29.4 ft),12.3 m (40.3 ft),"1,814 kg (3,999 lbs)",1 × pistons engine Lycoming IO-540-K1A5 227 kW each,241 km/h (150 mph),"1,352 km (840 mi)",1,3.9 m (12.8 ft),19.3 m² (208.0 sqft),"997 kg (2,198 lbs)","6,100 m (20,013 ft)",4.0 m/s (13.1 ft/s),"347 m (1,138 ft)",
globaleye,https://globalmilitary.net/aircraft/globaleye/,GlobalEye,30.3 m (99.4 ft),29 m (95.1 ft),"45,100 kg (99,428 lbs)","2 × BR700-710D5-21 6,690 kgf each",1110 km/h (Mach 1.11),"11,000 km (6,835 mi)",2,7.8 m (25.5 ft),94.9 m² (1021.5 sqft),"23,690 kg (52,227 lbs)","16,000 m (52,493 ft)",,"2,000 m (6,562 ft)",11 hours
g-115,https://globalmilitary.net/aircraft/g-115/,Grob G-115,7.5 m (24.7 ft),10 m (32.8 ft),"990 kg (2,183 lbs)",1 × pistons engine Lycoming AEIO-360-B1F 134 kW each,270 km/h (168 mph),"1,150 km (715 mi)",,2.4 m (7.9 ft),12.2 m² (131.3 sqft),"690 kg (1,521 lbs)","3,048 m (10,000 ft)",5.3 m/s (17.4 ft/s),,
g-120,https://globalmilitary.net/aircraft/g-120/,Grob G-120,8.1 m (26.6 ft),10.2 m (33.4 ft),"1,490 kg (3,285 lbs)",1 × pistons engine Lycoming AEIO-540-D4D5 194 kW each,435 km/h (270 mph),"1,540 km (957 mi)",,2.7 m (8.7 ft),13.3 m² (143.2 sqft),"1,080 kg (2,381 lbs)","5,486 m (17,999 ft)",6.501 m/s (21.3 ft/s),"707 m (2,320 ft)",
cabri-g2,https://globalmilitary.net/aircraft/cabri-g2/,Guimbal Cabri G2,8.1 m (26.4 ft),7.2 m (23.6 ft),"700 kg (1,543 lbs)",1 × radial engine Lycoming O-360-J2A 108 kW each,185 km/h (115 mph),700 km (435 mi),1,2.5 m (8.2 ft),,420 kg (926 lbs),"2,286 m (7,500 ft)",,,
gulfstream-g100,https://globalmilitary.net/aircraft/gulfstream-g100/,Gulfstream G100,17.0 m (55.6 ft),16.6 m (54.6 ft),"11,500 kg (25,353 lbs)","2 × turbofans Honeywell TFE731-40R-200G 1,928 kgf each",874 km/h (543 mph),"5,462 km (3,394 mi)",,5.5 m (18.2 ft),29.4 m² (316.5 sqft),"6,531 kg (14,398 lbs)","13,716 m (45,000 ft)",19.0 m/s (62.3 ft/s),,
gulfstream-g550,https://globalmilitary.net/aircraft/gulfstream-g550/,Gulfstream G550,29.4 m (96.5 ft),28.5 m (93.4 ft),"41,050 kg (90,500 lbs)","2 × turbofans Rolls-Royce BR710A1-10 6,690 kgf each",941 km/h (585 mph),"12,500 km (7,767 mi)",,7.7 m (25.1 ft),106 m² (1141.0 sqft),"20,956 kg (46,200 lbs)","15,545 m (51,001 ft)",,"1,570 m (5,151 ft)",
gulfstream-g650,https://globalmilitary.net/aircraft/gulfstream-g650/,Gulfstream G650,30.4 m (99.8 ft),30.4 m (99.6 ft),"45,360 kg (100,002 lbs)",2 × turbofans Rolls-Royce BR725 75 kN each,982 km/h (610 mph),"13,890 km (8,631 mi)",2,7.7 m (25.3 ft),,"25,401 kg (56,000 lbs)","15,545 m (51,001 ft)",,,
gulfstream-ii,https://globalmilitary.net/aircraft/gulfstream-ii/,Gulfstream II,24.1 m (79.1 ft),20.8 m (68.1 ft),"29,710 kg (65,499 lbs)","2 × turbofans Rolls-Royce RB163 Spey Mk 511-8 5,171 kgf each",935 km/h (581 mph),"7,352 km (4,568 mi)",,7.5 m (24.6 ft),75.2 m² (809.6 sqft),"16,576 kg (36,544 lbs)","13,716 m (45,000 ft)",19.3 m/s (63.3 ft/s),,
gulfstream-iii,https://globalmilitary.net/aircraft/gulfstream-iii/,Gulfstream III,25.3 m (83.1 ft),23.5 m (77.1 ft),7.4 m (24.4 ft),86.8 m² (934.6 sqft),"17,236 kg (37,999 lbs)","31,615 kg (69,699 lbs)","2 × turbofans Rolls-Royce RB163 Spey Mk 511-8 5,171 kgf each",927 km/h (576 mph),"6,760 km (4,200 mi)","13,716 m (45,000 ft)",19.3 m/s (63.3 ft/s),,
gulfstream-iv,https://globalmilitary.net/aircraft/gulfstream-iv/,Gulfstream IV,27.2 m (89.4 ft),23.5 m (77.1 ft),7.7 m (25.2 ft),88.3 m² (950.5 sqft),"19,504 kg (42,999 lbs)","33,520 kg (73,899 lbs)","2 × turbofans Rolls-Royce Tay 611-8C 6,282 kgf each",935 km/h (581 mph),"7,815 km (4,856 mi)","13,716 m (45,000 ft)",,2,
gulfstream-v,https://globalmilitary.net/aircraft/gulfstream-v/,Gulfstream V,29.4 m (96.5 ft),28.5 m (93.4 ft),7.7 m (25.1 ft),106 m² (1141.0 sqft),"20,956 kg (46,200 lbs)","41,050 kg (90,500 lbs)","2 × turbofans Rolls-Royce BR710A1-10 6,690 kgf each",940 km/h (584 mph),"12,000 km (7,456 mi)","15,545 m (51,001 ft)",,,"1,570 m (5,151 ft)"
h-19-chickasaw,https://globalmilitary.net/aircraft/h-19-chickasaw/,H-19 Chickasaw,12.9 m (42.2 ft),16 m (52.5 ft),4.1 m (13.3 ft),204.9 m² (2205.5 sqft),"2,175 kg (4,795 lbs)","3,402 kg (7,500 lbs)",1 × Pratt & Whitney R-1340-57 9-cylinder air-cooled radial piston engine 450 kW each,163 km/h (101 mph),720 km (447 mi),"3,200 m (10,499 ft)",,2,
h-5,https://globalmilitary.net/aircraft/h-5/,H-5,16.8 m (55.0 ft),21.5 m (70.4 ft),6.2 m (20.3 ft),60.8 m² (654.4 sqft),"12,890 kg (28,418 lbs)","21,200 kg (46,738 lbs)","2 × turbojets Shenyang WP-5A 2,700 kgf each",902 km/h (560 mph),"2,400 km (1,491 mi)","12,500 m (41,011 ft)",,"3 (pilot, navigator, gunner)",
h-6,https://globalmilitary.net/aircraft/h-6/,H-6,34.8 m (114.2 ft),33 m (108.3 ft),10.4 m (34.0 ft),165 m² (1776.0 sqft),"37,200 kg (82,012 lbs)","95,000 kg (209,439 lbs)",2 × Soloviev D-30KP-2 118 kN each,1050 km/h (Mach 1.05),"6,000 km (3,728 mi)","12,800 m (41,995 ft)",,4,
h120,https://globalmilitary.net/aircraft/h120/,H120 / EC120 Colibri,11.5 m (37.8 ft),10 m (32.8 ft),3.4 m (11.2 ft),,"950 kg (2,094 lbs)","1,700 kg (3,748 lbs)",1 × turboshaft Turbomeca Arrius 2F 376 kW each,278 km/h (173 mph),727 km (452 mi),"17,600 m (57,743 ft)",6.7 m/s (22.0 ft/s),,
h125m,https://globalmilitary.net/aircraft/h125m/,H125M / AS550 Fennec,10.9 m (35.9 ft),12.9 m (42.5 ft),3.1 m (10.3 ft),,"1,174 kg (2,588 lbs)","2,250 kg (4,960 lbs)",1 × turboshaft Turbomeca Arriel 2B 632 kW each,260 km/h (162 mph),720 km (447 mi),"4,600 m (15,092 ft)",8.5 m/s (27.9 ft/s),2,
h135m,https://globalmilitary.net/aircraft/h135m/,H135M / EC365,12.2 m (39.9 ft),10.2 m (33.5 ft),3.5 m (11.5 ft),,"1,490 kg (3,285 lbs)","2,900 kg (6,393 lbs)",2 × turboshafts Turbomeca Arrius 2B1 519 kW each,287 km/h (178 mph),630 km (391 mi),"6,096 m (20,000 ft)",8.1 m/s (26.6 ft/s),,
h145m,https://globalmilitary.net/aircraft/h145m/,H145M / EC645,13.0 m (42.7 ft),10.8 m (35.4 ft),3.5 m (11.3 ft),,"1,792 kg (3,951 lbs)","3,585 kg (7,904 lbs)",2 × turboshafts Turbomeca Arriel 1E2 550 kW each,269 km/h (167 mph),660 km (410 mi),"5,486 m (17,999 ft)",8.13 m/s (26.7 ft/s),,
h155,https://globalmilitary.net/aircraft/h155/,H155 / EC155 Dauphin 2,14.3 m (46.9 ft),12.6 m (41.3 ft),4.4 m (14.3 ft),"2,618 kg (5,772 lbs)","4,920 kg (10,847 lbs)",2 × turboshafts Turbomeca Arriel 2C2 713 kW each,324 km/h (201 mph),790 km (491 mi),"4,572 m (15,000 ft)",8.9 m/s (29.2 ft/s),,,
h160m,https://globalmilitary.net/aircraft/h160m/,H160M Guépard,12 m (39.4 ft),13.4 m (44.0 ft),4 m (13.1 ft),"4,240 kg (9,348 lbs)","5,670 kg (12,500 lbs)",2 × turboshafts Safran Arrano 1A 956 kW each,325 km/h (202 mph),880 km (547 mi),"5,900 m (19,357 ft)",8.9 m/s (29.2 ft/s),,,
h175,https://globalmilitary.net/aircraft/h175/,H175,18.1 m (59.3 ft),14.8 m (48.6 ft),5.3 m (17.5 ft),"4,603 kg (10,148 lbs)","7,800 kg (17,196 lbs)","2 × Pratt & Whitney Canada PT6C-67E 1,324 kW each",315 km/h (196 mph),"1,259 km (782 mi)","6,000 m (19,685 ft)",18.288 m/s (60.0 ft/s),2,172 m² (1851.4 sqft),
h215m,https://globalmilitary.net/aircraft/h215m/,H215M / AS532 Cougar,18.7 m (61.4 ft),15.6 m (51.2 ft),4.8 m (15.7 ft),"4,330 kg (9,546 lbs)","9,000 kg (19,842 lbs)","2 × turboshafts Turbomeca Makila 1A2 1,185 kW each",250 km/h (155 mph),573 km (356 mi),"4,100 m (13,451 ft)",7.0 m/s (23.0 ft/s),2,,
h225m,https://globalmilitary.net/aircraft/h225m/,H225M / EC725 Caracal,19.5 m (64.0 ft),16.2 m (53.1 ft),4.6 m (15.1 ft),"5,330 kg (11,751 lbs)","11,200 kg (24,692 lbs)","2 × Turboméca Makila 2A1 turboshaft 1,776 kW each",324 km/h (201 mph),"1,253 km (779 mi)","6,100 m (20,013 ft)",7.4 m/s (24.3 ft/s),"2 (pilot, co-pilot)",,
hf-24-marut,https://globalmilitary.net/aircraft/hf-24-marut/,HF-24 Marut,15.9 m (52.1 ft),9 m (29.5 ft),3.6 m (11.8 ft),"6,195 kg (13,658 lbs)","10,908 kg (24,048 lbs)",2 × Bristol Siddeley Orpheus Mk 703 22 kN each,1112 km/h (Mach 1.11),396 km (246 mi),,22.5 m/s (73.8 ft/s),1,28 m² (301.4 sqft),
hh-3-jolly-green-giant,https://globalmilitary.net/aircraft/hh-3-jolly-green-giant/,HH-3 Jolly Green Giant,22 m (72.2 ft),19 m (62.3 ft),5.5 m (18.1 ft),"6,051 kg (13,340 lbs)","10,002 kg (22,051 lbs)","2 × General Electric T58-GE-10 1,000 kW each",265 km/h (165 mph),"1,443 km (897 mi)","6,400 m (20,997 ft)",11.3 m/s (37.1 ft/s),3,280.5 m² (3019.3 sqft),
hh-52-seaguard,https://globalmilitary.net/aircraft/hh-52-seaguard/,HH-52 Seaguard,13.6 m (44.5 ft),16 m (52.5 ft),4.9 m (16.0 ft),"2,306 kg (5,084 lbs)","3,765 kg (8,300 lbs)",1 × General Electric T58-GE-8 540 kW each,176 km/h (109 mph),763 km (474 mi),"3,400 m (11,155 ft)",5.5 m/s (18.0 ft/s),3,204.9 m² (2205.5 sqft),
hh-60-pave-hawk,https://globalmilitary.net/aircraft/hh-60-pave-hawk/,HH-60 Pave Hawk,19.8 m (64.8 ft),16.1 m (52.7 ft),5.1 m (16.7 ft),"7,257 kg (15,999 lbs)","9,979 kg (22,000 lbs)","2 × General Electric T700-GE-700 / -701C 1,450 kW each",357 km/h (222 mph),691 km (429 mi),"4,300 m (14,108 ft)",,"4 (2 pilots, 2 special mission aviators)",,
hjt-16-kiran,https://globalmilitary.net/aircraft/hjt-16-kiran/,HJT-16 Kiran,10.6 m (34.8 ft),10.7 m (35.1 ft),3.6 m (11.9 ft),"2,560 kg (5,644 lbs)","4,235 kg (9,337 lbs)","1 × turbojet Bristol-Siddeley Viper Mk11 1,134 kgf each",695 km/h (432 mph),615 km (382 mi),"9,144 m (30,000 ft)",,,19 m² (204.5 sqft),Martin-Baker Mk 4
hpt-32-deepak,https://globalmilitary.net/aircraft/hpt-32-deepak/,HPT-32 Deepak,"2 (student, instructor)",7.7 m (25.3 ft),9.5 m (31.2 ft),2.9 m (9.5 ft),15 m² (161.5 sqft),"1,034 kg (2,280 lbs)","1,322 kg (2,915 lbs)",1 × Lycoming AEO-540-D4B5 piston engine 194 kW each,281 km/h (175 mph),"1,400 km (870 mi)","5,500 m (18,045 ft)",5.6 m/s (18.4 ft/s),,
hs-748,https://globalmilitary.net/aircraft/hs-748/,HS 748,,20 m (65.6 ft),31.2 m (102.5 ft),7.3 m (24.1 ft),77 m² (828.8 sqft),"12,304 kg (27,126 lbs)","21,092 kg (46,500 lbs)","2 × turboprops Rolls-Royce Dart RDa.7 Mk 536-2 1,700 kW each",460 km/h (286 mph),"1,715 km (1,066 mi)","7,620 m (25,000 ft)",,,
htt-40,https://globalmilitary.net/aircraft/htt-40/,HTT-40,,,11 m (36.1 ft),,,"2,000 kg (4,409 lbs)","2,800 kg (6,173 lbs)",1 × turboprop Garrett-Honeywell TPE331-12B 708 kW each,450 km/h (280 mph),"1,000 km (621 mi)","6,000 m (19,685 ft)",,Martin-Baker Mk 16,
harfang,https://globalmilitary.net/aircraft/harfang/,Harfang,,9.3 m (30.5 ft),16.6 m (54.5 ft),,,"657 kg (1,448 lbs)","1,250 kg (2,756 lbs)",1 × Rotax 914F 86 kW each,,"1,000 km (621 mi)","7,620 m (25,000 ft)",,,24 hours
harrier,https://globalmilitary.net/aircraft/harrier/,Harrier,1,13.9 m (45.6 ft),7.7 m (25.3 ft),3.5 m (11.3 ft),18.7 m² (201.1 sqft),"5,530 kg (12,192 lbs)","11,500 kg (25,353 lbs)","1 × turbofan Rolls-Royce Pegasus 101 8,618 kgf each",1183 km/h (Mach 1.18),"1,500 km (932 mi)","14,996 m (49,199 ft)",74.8 m/s (245.4 ft/s),Martin-Baker Mk 9,
hawk,https://globalmilitary.net/aircraft/hawk/,Hawk,2,11.9 m (38.9 ft),9.4 m (30.8 ft),4.1 m (13.4 ft),16.7 m² (179.6 sqft),"3,635 kg (8,014 lbs)","8,340 kg (18,387 lbs)","1 × Rolls-Royce/Turboméca Adour 151 2,420 kgf each",1028 km/h (Mach 1.03),"2,520 km (1,566 mi)","15,000 m (49,213 ft)",,Martin-Baker Mk 10B,
hawker-400,https://globalmilitary.net/aircraft/hawker-400/,Hawker 400,,14.8 m (48.4 ft),13.3 m (43.5 ft),4.2 m (13.9 ft),22.4 m² (241.4 sqft),"4,559 kg (10,051 lbs)","7,303 kg (16,100 lbs)","2 × turbofans Pratt & Whitney Canada JT15D-5B 1,315 kgf each",860 km/h (534 mph),"4,000 km (2,485 mi)","13,716 m (45,000 ft)",19.2 m/s (63.0 ft/s),,
hawker-800,https://globalmilitary.net/aircraft/hawker-800/,Hawker 800,,15.6 m (51.2 ft),16.6 m (54.4 ft),5.5 m (18.1 ft),,"7,108 kg (15,670 lbs)","12,701 kg (28,001 lbs)","2 × turbofans Honeywell TFE731-5BR 2,114 kgf each",830 km/h (516 mph),"5,232 km (3,251 mi)","12,497 m (41,001 ft)",15.7 m/s (51.5 ft/s),,5 hours
hermes-450,https://globalmilitary.net/aircraft/hermes-450/,Hermes 450,,6.1 m (20.0 ft),10.5 m (34.4 ft),,,450 kg (992 lbs),"550 kg (1,213 lbs)","1 × R802/902(W) Wankel engine, 39 kW 39 kW each",176 km/h (109 mph),300 km (186 mi),"5,500 m (18,045 ft)",4.6 m/s (15.1 ft/s),,17 hours
hermes-900,https://globalmilitary.net/aircraft/hermes-900/,Hermes 900,,8.3 m (27.2 ft),15 m (49.2 ft),,,"950 kg (2,094 lbs)","1,400 kg (3,086 lbs)","1 × Rotax 916, 160 kW 160 kW each",220 km/h (137 mph),"1,000 km (621 mi)","9,100 m (29,856 ft)",,,36 hours
hurjet,https://globalmilitary.net/aircraft/hurjet/,Hürjet,2,13.6 m (44.6 ft),9.5 m (31.2 ft),4.1 m (13.5 ft),25 m² (269.1 sqft),1 × General Electric F404-GE-104 78 kN each,1487 km/h (Mach 1.49),"1,960 km (1,218 mi)","14,000 m (45,932 ft)",246.0 m/s (807.1 ft/s),,,,,
hurkus,https://globalmilitary.net/aircraft/hurkus/,Hürkus,,11.2 m (36.6 ft),10.0 m (32.7 ft),3.7 m (12.1 ft),,"1 × turboprop Pratt & Whitney Canada PT6A-68T 1,193 kW each",574 km/h (357 mph),"1,478 km (918 mi)","10,577 m (34,701 ft)",22.0 m/s (72.2 ft/s),"2,976 kg (6,561 lbs)",Martin-Baker Mk T-16N,"489 m (1,604 ft)",,
ia-58-pucara,https://globalmilitary.net/aircraft/ia-58-pucara/,IA 58 Pucará,2,14.3 m (46.8 ft),14.5 m (47.6 ft),5.4 m (17.6 ft),30.3 m² (326.1 sqft),2 × turboprops Turbomeca Astazou XVIG 729 kW each,500 km/h (311 mph),"3,710 km (2,305 mi)","10,000 m (32,808 ft)",18.0 m/s (59.1 ft/s),"4,020 kg (8,863 lbs)",Martin-Baker Mk 6,,"6,800 kg (14,991 lbs)",
ia-63-pampa,https://globalmilitary.net/aircraft/ia-63-pampa/,IA-63 Pampa,,10.9 m (35.8 ft),9.7 m (31.8 ft),4.3 m (14.1 ft),15.6 m² (168.2 sqft),"1 × turbofan Honeywell TFE731-2 1,588 kgf each",815 km/h (506 mph),"1,500 km (932 mi)","12,900 m (42,323 ft)",26.0 m/s (85.3 ft/s),"2,820 kg (6,217 lbs)",UPC Stencel S-III-S3IA63,"430 m (1,411 ft)","5,000 kg (11,023 lbs)",
iai-harop,https://globalmilitary.net/aircraft/iai-harop/,IAI Harop,,2.5 m (8.2 ft),3 m (9.8 ft),,,,417 km/h (259 mph),200 km (124 mi),"4,600 m (15,092 ft)",,,,,,6 hours
iai-harpy,https://globalmilitary.net/aircraft/iai-harpy/,IAI Harpy,,2.7 m (8.9 ft),2.1 m (6.9 ft),,,1 × UEL AR731 Wankel rotary engine 28 kW each,185 km/h (115 mph),200 km (124 mi),"4,572 m (15,000 ft)",,,,,135 kg (298 lbs),2 hours
heron,https://globalmilitary.net/aircraft/heron/,IAI Heron,,8.5 m (27.9 ft),16.6 m (54.5 ft),,,1 × Rotax 914 engine,207 km/h (129 mph),"1,000 km (621 mi)","10,000 m (32,808 ft)",2.5 m/s (8.2 ft/s),,,,"1,270 kg (2,800 lbs)",52 hours
iai-scout,https://globalmilitary.net/aircraft/iai-scout/,IAI Scout,,3.7 m (12.1 ft),5.0 m (16.3 ft),0.9 m (3.1 ft),,1 × piston engine 16 kW each,176 km/h (109 mph),,"4,600 m (15,092 ft)",,96 kg (212 lbs),,,159 kg (351 lbs),7 hours
searcher,https://globalmilitary.net/aircraft/searcher/,IAI Searcher,,5.9 m (19.2 ft),8.6 m (28.1 ft),,,1 × piston engine,200 km/h (124 mph),350 km (217 mi),"6,100 m (20,013 ft)",,76 kg (168 lbs),,,436 kg (961 lbs),20 hours
iar-823,https://globalmilitary.net/aircraft/iar-823/,IAR-823,"2 (pilot, instructor)",8.2 m (27.0 ft),10 m (32.8 ft),2.5 m (8.3 ft),15 m² (161.5 sqft),1 × Lycoming IO-540-G1D5 216 kW each,310 km/h (193 mph),"1,800 km (1,118 mi)","5,600 m (18,373 ft)",7.49 m/s (24.6 ft/s),"900 kg (1,984 lbs)",,,"1,500 kg (3,307 lbs)",6 hours
iar-93-j22-orao,https://globalmilitary.net/aircraft/iar-93-j22-orao/,IAR-93 / J-22 Orao,1,14.9 m (48.9 ft),9.3 m (30.5 ft),4.5 m (14.8 ft),26 m² (279.9 sqft),"5,750 kg (12,677 lbs)","10,900 kg (24,030 lbs)","2 × turbojets Rolls-Royce Viper Mk 633-47 3,628 kgf each",Martin-Baker Mk 10,1094 km/h (Mach 1.09),"1,320 km (820 mi)","13,600 m (44,619 ft)",65.0 m/s (213.3 ft/s),,
iar-99-soim,https://globalmilitary.net/aircraft/iar-99-soim/,IAR-99 Șoim,,11.0 m (36.1 ft),9.9 m (32.3 ft),3.9 m (12.8 ft),18.7 m² (201.3 sqft),"3,200 kg (7,055 lbs)","5,560 kg (12,258 lbs)","1 × turbojet Rolls-Royce Viper Mk632-41M 1,814 kgf each",Martin-Baker Mk 10,865 km/h (537 mph),"1,100 km (684 mi)","12,900 m (42,323 ft)",57.5 m/s (188.6 ft/s),"450 m (1,476 ft)",
il-10-beast,https://globalmilitary.net/aircraft/il-10-beast/,Il-10 Beast,2,11.1 m (36.3 ft),13.4 m (44.0 ft),4.2 m (13.7 ft),30 m² (322.9 sqft),"4,680 kg (10,318 lbs)","6,535 kg (14,407 lbs)","1 × V12 piston engine Mikulin AM-42 1,320 kW each",,551 km/h (342 mph),800 km (497 mi),"5,500 m (18,045 ft)",10.0 m/s (32.8 ft/s),,
il-112,https://globalmilitary.net/aircraft/il-112/,Il-112,,24.2 m (79.2 ft),27.6 m (90.6 ft),8.9 m (29.2 ft),65 m² (699.7 sqft),"10,000 kg (22,046 lbs)","21,000 kg (46,297 lbs)","2 × turboprops Klimov TV7-117ST 2,610 kW each",,580 km/h (360 mph),"1,700 km (1,056 mi)","7,600 m (24,934 ft)",,,
il-114,https://globalmilitary.net/aircraft/il-114/,Il-114,2,26.9 m (88.2 ft),,,,,,"2 × turboprops Klimov TV7-117ST-01 2,300 kW each",,500 km/h (311 mph),"2,000 km (1,243 mi)",,,,14 hours
il-14-crate,https://globalmilitary.net/aircraft/il-14-crate/,Il-14 Crate,4,22.3 m (73.2 ft),31.7 m (104.0 ft),7.9 m (25.9 ft),100 m² (1076.4 sqft),"12,600 kg (27,778 lbs)","18,000 kg (39,683 lbs)","2 × radial engine Shvetsov ASh-82T 1,397 kW each",,430 km/h (267 mph),"1,300 km (808 mi)","7,400 m (24,278 ft)",5.0 m/s (16.4 ft/s),,
il-18-coot,https://globalmilitary.net/aircraft/il-18-coot/,Il-18 Coot,,35.9 m (117.8 ft),37.4 m (122.7 ft),10.2 m (33.3 ft),140 m² (1506.9 sqft),"35,000 kg (77,162 lbs)","64,000 kg (141,096 lbs)","4 × turboprops Ivchenko-Progress AI-20M 3,126 kW each",,675 km/h (419 mph),"6,500 km (4,039 mi)","11,800 m (38,714 ft)",,"1,350 m (4,429 ft)",
il-2-sturmovik,https://globalmilitary.net/aircraft/il-2-sturmovik/,Il-2 Sturmovik,2,11.7 m (38.2 ft),14.6 m (47.9 ft),4.2 m (13.7 ft),38.5 m² (414.4 sqft),"4,425 kg (9,755 lbs)","6,360 kg (14,021 lbs)","1 × V12 piston engine Mikulin AM-38F 1,280 kW each",,410 km/h (255 mph),765 km (475 mi),"4,525 m (14,846 ft)",5.56 m/s (18.2 ft/s),,3 hours
il-20,https://globalmilitary.net/aircraft/il-20/,Il-20 Coot-A,13,35.9 m (117.8 ft),37.4 m (122.8 ft),10.2 m (33.4 ft),140.6 m² (1513.4 sqft),"33,760 kg (74,428 lbs)","64,000 kg (141,096 lbs)","4 × AI-20M Turboprop 3,169 kW each",,675 km/h (419 mph),"6,200 km (3,852 mi)","10,000 m (32,808 ft)",,,
il-276,https://globalmilitary.net/aircraft/il-276/,Il-276 SVTS,3,37.7 m (123.7 ft),35.5 m (116.5 ft),13.0 m (42.5 ft),160 m² (1722.2 sqft),"45,000 kg (99,208 lbs)","72,000 kg (158,733 lbs)","2 × Aviadvigatel PD-14M turbofan engines 15,606 kgf each",,870 km/h (541 mph),"7,300 km (4,536 mi)","13,100 m (42,979 ft)",,"1,050 m (3,445 ft)",
il-28-beagle,https://globalmilitary.net/aircraft/il-28-beagle/,Il-28 Beagle,"3 (pilot, navigator, gunner)",17.7 m (57.9 ft),21.5 m (70.4 ft),6.7 m (22.0 ft),60.8 m² (654.4 sqft),"11,890 kg (26,213 lbs)","21,000 kg (46,297 lbs)","2 × turbojets Klimov VK-1 2,700 kgf each",Severin KS-1,900 km/h (559 mph),"2,180 km (1,355 mi)","12,300 m (40,354 ft)",15.0 m/s (49.2 ft/s),,
il-38-may,https://globalmilitary.net/aircraft/il-38-may/,Il-38 May,,40.1 m (131.7 ft),37.4 m (122.8 ft),10.2 m (33.4 ft),140 m² (1506.9 sqft),"34,630 kg (76,346 lbs)","66,000 kg (145,505 lbs)","4 × turboprops Ivchenko-Progress AI-20M 3,126 kW each",,650 km/h (404 mph),"7,500 km (4,660 mi)","11,000 m (36,089 ft)",5.3 m/s (17.4 ft/s),13 hours,"1,700 m (5,577 ft)"
il-62-classic,https://globalmilitary.net/aircraft/il-62-classic/,Il-62 Classic,3–5,53.1 m (174.3 ft),43.2 m (141.7 ft),12.4 m (40.5 ft),279.6 m² (3009.0 sqft),"71,600 kg (157,851 lbs)","165,000 kg (363,762 lbs)",4 × turbofans Soloviev D-30KU 108 kN each,,900 km/h (559 mph),"10,000 km (6,214 mi)","12,000 m (39,370 ft)",18.0 m/s (59.1 ft/s),,
il-76-candid,https://globalmilitary.net/aircraft/il-76-candid/,Il-76 Candid,,46.6 m (152.9 ft),50.5 m (165.7 ft),14.8 m (48.4 ft),300 m² (3229.2 sqft),"92,500 kg (203,927 lbs)","195,000 kg (429,901 lbs)","4 × turbofans Aviadvigatel PS-90A-76 14,500 kgf each",,850 km/h (528 mph),"5,000 km (3,107 mi)","13,000 m (42,651 ft)",,,
il-78-midas,https://globalmilitary.net/aircraft/il-78-midas/,Il-78 Midas,,46.6 m (152.9 ft),50.5 m (165.7 ft),14.8 m (48.4 ft),300 m² (3229.2 sqft),"72,000 kg (158,733 lbs)","210,000 kg (462,970 lbs)","4 × turbofans Aviadvigatel D-30 KP 12,020 kgf each",,850 km/h (528 mph),"7,300 km (4,536 mi)","12,000 m (39,370 ft)",,8 hours,
il-80,https://globalmilitary.net/aircraft/il-80/,Il-80,,59.5 m (195.3 ft),48.1 m (157.7 ft),,,"120,000 kg (264,554 lbs)","208,000 kg (458,561 lbs)","4 × turbofans Kuznetsov NK-86 13,000 kgf each",,850 km/h (528 mph),"4,000 km (2,485 mi)","11,000 m (36,089 ft)",,,
il-86-camber,https://globalmilitary.net/aircraft/il-86-camber/,Il-86 Camber,3,59.9 m (196.7 ft),48.1 m (157.7 ft),,,,,"4 × turbofans Kuznetsov NK-86 13,000 kgf each",,950 km/h (590 mph),"5,800 km (3,604 mi)",,,,
il-96,https://globalmilitary.net/aircraft/il-96/,Il-96,,55.3 m (181.4 ft),60.1 m (197.2 ft),15.7 m (51.5 ft),350 m² (3767.4 sqft),"120,400 kg (265,436 lbs)","250,000 kg (551,155 lbs)","4 × turbofans Aviadvigatel PS-90A 16,000 kgf each",,900 km/h (559 mph),"11,000 km (6,835 mi)","13,100 m (42,979 ft)",,,"2,340 m (7,677 ft)"
iomax-archangel,https://globalmilitary.net/aircraft/iomax-archangel/,Iomax Archangel,2,,,,,,,"1 × Pratt & Whitney Canada PT6A-67F 1,200 kW each",,,,,4.3 m/s (14.1 ft/s),,
italmas,https://globalmilitary.net/aircraft/italmas/,Italmas,,,,,,,,1 × DLE-60 twin boxer two-stroke gasoline piston engine,,,200 km (124 mi),,,,
j10-vigorous-dragon,https://globalmilitary.net/aircraft/j10-vigorous-dragon/,J-10 Vigorous Dragon,1,15.5 m (50.9 ft),9.7 m (31.8 ft),4.8 m (15.7 ft),39 m² (419.8 sqft),"9,750 kg (21,495 lbs)","19,278 kg (42,501 lbs)","1 × turbofan Saturn AL-31FN 12,500 kgf each",HTY-5,2400 km/h (Mach 2.4),"2,950 km (1,833 mi)","18,000 m (59,055 ft)",300.0 m/s (984.3 ft/s),
j11-flanker-l,https://globalmilitary.net/aircraft/j11-flanker-l/,J-11 Responsive Dragon,1,21.9 m (71.9 ft),14.7 m (48.2 ft),5.9 m (19.4 ft),52.8 m² (568.8 sqft),"16,380 kg (36,112 lbs)","33,000 kg (72,752 lbs)","2 × turbofans Shenyang WS-10A ""Taihang"" 13,460 kgf each",Zvezda K-36DM,2500 km/h (Mach 2.5),"3,530 km (2,193 mi)","18,500 m (60,696 ft)",300.0 m/s (984.3 ft/s),
j12,https://globalmilitary.net/aircraft/j12/,J-12,1,10.6 m (34.9 ft),7.2 m (23.6 ft),3.7 m (12.2 ft),16.0 m² (172.0 sqft),"3,172 kg (6,993 lbs)","5,295 kg (11,673 lbs)","1 × turbojet Wopen WP-6B 2,500 kgf each",,1472 km/h (Mach 1.47),"1,167 km (725 mi)","16,870 m (55,348 ft)",180.0 m/s (590.6 ft/s),"450 m (1,476 ft)"
j-15-flanker-k,https://globalmilitary.net/aircraft/j-15-flanker-k/,J-15 Flying Shark,1–2,22.3 m (73.1 ft),14.7 m (48.2 ft),5.9 m (19.4 ft),67.8 m² (730.2 sqft),"17,500 kg (38,581 lbs)","33,000 kg (72,752 lbs)","2 × Saturn AL-31 12,502 kgf each",Zvezda K-36DM,2300 km/h (Mach 2.3),"3,500 km (2,175 mi)","18,000 m (59,055 ft)",246.0 m/s (807.1 ft/s),
j-16-flanker-n,https://globalmilitary.net/aircraft/j-16-flanker-n/,J-16 Qianlong,2,21.9 m (71.9 ft),14.7 m (48.2 ft),6.4 m (20.9 ft),62 m² (667.4 sqft),"17,700 kg (39,022 lbs)","35,000 kg (77,162 lbs)","2 × turbofans Shenyang WS-10B 13,766 kgf each",Zvezda K-36DM,2120 km/h (Mach 2.12),"4,000 km (2,485 mi)","17,300 m (56,759 ft)",230.0 m/s (754.6 ft/s),
j20-kraguj,https://globalmilitary.net/aircraft/j20-kraguj/,J-20 Kraguj,1,7.9 m (26.0 ft),10.6 m (34.9 ft),3 m (9.8 ft),17 m² (183.0 sqft),"1,130 kg (2,491 lbs)","1,624 kg (3,580 lbs)",1 × pistons engine Lycoming GSO-480-B1A6 254 kW each,,295 km/h (183 mph),800 km (497 mi),"8,000 m (26,247 ft)",8.0 m/s (26.2 ft/s),
j20-mighty-dragon,https://globalmilitary.net/aircraft/j20-mighty-dragon/,J-20 Mighty Dragon,1,21.2 m (69.6 ft),13.0 m (42.7 ft),4.7 m (15.4 ft),73 m² (785.8 sqft),"17,000 kg (37,479 lbs)","37,000 kg (81,571 lbs)","2 × Shenyang WS-10C afterburning turbofan 14,480 kgf each",HTY-6G,2130 km/h (Mach 2.13),"5,500 km (3,418 mi)","20,000 m (65,617 ft)",304.0 m/s (997.4 ft/s),
j21-jastreb,https://globalmilitary.net/aircraft/j21-jastreb/,J-21 Jastreb,1,10.9 m (35.7 ft),10.6 m (34.6 ft),3.6 m (11.9 ft),19.4 m² (209.1 sqft),,"5,100 kg (11,244 lbs)",1 × BMB Viper Mk 531 13 kN each,,820 km/h (510 mph),"1,520 km (944 mi)","12,000 m (39,370 ft)",21.0 m/s (68.9 ft/s),
j29-tunnan,https://globalmilitary.net/aircraft/j29-tunnan/,J-29 Tunnan,1,11 m (36.1 ft),10.2 m (33.6 ft),3.8 m (12.3 ft),24.2 m² (259.9 sqft),"4,845 kg (10,681 lbs)","8,375 kg (18,464 lbs)","1 × turbojet Volvo RM2B 2,753 kgf each",SAAB Mk-2,1060 km/h (Mach 1.06),"1,100 km (684 mi)","15,500 m (50,853 ft)",32.1 m/s (105.3 ft/s),
j35-draken,https://globalmilitary.net/aircraft/j35-draken/,J-35 Draken,1,15.3 m (50.3 ft),9.4 m (30.9 ft),3.9 m (12.8 ft),49.2 m² (529.8 sqft),"7,865 kg (17,339 lbs)","16,000 kg (35,274 lbs)","1 × turbojet Volvo RM6C 7,995 kgf each",SAAB RS-35,2120 km/h (Mach 2.12),"2,750 km (1,709 mi)","20,000 m (65,617 ft)",175.0 m/s (574.1 ft/s),"650 m (2,133 ft)"
j36,https://globalmilitary.net/aircraft/j36/,J-36,2 (side-by-side),,,,,,,,,,,,,,
j5-fresco,https://globalmilitary.net/aircraft/j5-fresco/,J-5 Fresco,1,11.1 m (36.4 ft),9.6 m (31.6 ft),3.8 m (12.5 ft),22.6 m² (243.3 sqft),"3,939 kg (8,684 lbs)","6,000 kg (13,228 lbs)",1 × Wopen WP-5 33 kN each,1130 km/h (Mach 1.13),"1,730 km (1,075 mi)","16,500 m (54,134 ft)",65.0 m/s (213.3 ft/s),,,
j50,https://globalmilitary.net/aircraft/j50/,J-50,1 (assessed),,,,,,,,,,,,,,
j6-farmer,https://globalmilitary.net/aircraft/j6-farmer/,J-6 Farmer,1,14.6 m (48.0 ft),9 m (29.5 ft),3.9 m (12.7 ft),25.2 m² (270.8 sqft),"5,172 kg (11,402 lbs)","8,832 kg (19,471 lbs)",2 × Wopen WP-6A 32 kN each,1540 km/h (Mach 1.54),"2,200 km (1,367 mi)","17,900 m (58,727 ft)",180.0 m/s (590.6 ft/s),1 hours,,
j7-fishcan,https://globalmilitary.net/aircraft/j7-fishcan/,J-7 Fishcan,1,14.0 m (45.8 ft),8.3 m (27.3 ft),4.1 m (13.5 ft),24.9 m² (267.8 sqft),"5,292 kg (11,667 lbs)","9,100 kg (20,062 lbs)","1 × Liyang Wopen-13F afterburning turbojet 6,598 kgf each",2200 km/h (Mach 2.2),"2,200 km (1,367 mi)","17,500 m (57,415 ft)",195.0 m/s (639.8 ft/s),,HTY-2,
j8-finback,https://globalmilitary.net/aircraft/j8-finback/,J-8 Finback,,21.5 m (70.6 ft),9.3 m (30.7 ft),5.4 m (17.7 ft),,"10,371 kg (22,864 lbs)","18,879 kg (41,621 lbs)","2 × turbojets Guizhou WP-13B 6,999 kgf each",2300 km/h (Mach 2.3),"1,000 km (621 mi)","18,000 m (59,055 ft)",224.0 m/s (734.9 ft/s),,HTY-4,"630 m (2,067 ft)"
ja-37-viggen,https://globalmilitary.net/aircraft/ja-37-viggen/,JA 37 Viggen,1,16.4 m (53.8 ft),10.6 m (34.8 ft),5.9 m (19.4 ft),46 m² (495.1 sqft),"9,500 kg (20,944 lbs)","20,000 kg (44,092 lbs)","1 × turbofan Volvo RM8B 12,746 kgf each",2231 km/h (Mach 2.23),"1,820 km (1,131 mi)","18,000 m (59,055 ft)",203.0 m/s (666.0 ft/s),,SAAB FPL,
jas-39-gripen,https://globalmilitary.net/aircraft/jas-39-gripen/,JAS 39 Gripen,1,14.9 m (48.9 ft),8.4 m (27.6 ft),4.5 m (14.8 ft),30 m² (322.9 sqft),"6,800 kg (14,991 lbs)","14,000 kg (30,865 lbs)","1 × turbofan Volvo RM12 8,209 kgf each",2100 km/h (Mach 2.1),"4,000 km (2,485 mi)","15,240 m (50,000 ft)",254.0 m/s (833.3 ft/s),,Martin-Baker Mk 10,
jf-17-thunder,https://globalmilitary.net/aircraft/jf-17-thunder/,JF-17 Thunder,1,14 m (45.9 ft),9 m (29.5 ft),4.8 m (15.6 ft),24.4 m² (262.6 sqft),"6,411 kg (14,134 lbs)","12,701 kg (28,001 lbs)","1 × turbofan Klimov RD-93 8,606 kgf each",1960 km/h (Mach 1.96),900 km (559 mi),"16,700 m (54,790 ft)",300.0 m/s (984.3 ft/s),,Martin-Baker Mk 16LE,
jh-7-flounder,https://globalmilitary.net/aircraft/jh-7-flounder/,JH-7 Flounder,"2 (pilot, WSO)",22.3 m (73.2 ft),12.8 m (42.0 ft),6.2 m (20.4 ft),52.3 m² (563.0 sqft),"14,500 kg (31,967 lbs)","28,475 kg (62,777 lbs)","2 × turbofans Xian WS-9 11,114 kgf each",1808 km/h (Mach 1.81),900 km (559 mi),"16,000 m (52,493 ft)",,,Zvezda K-36DM,
jl-10,https://globalmilitary.net/aircraft/jl-10/,JL-10,12.6 m (41.3 ft),9.5 m (31.1 ft),4.8 m (15.8 ft),"4,500 kg (9,921 lbs)","9,500 kg (20,944 lbs)","2 × turbofans Ivchenko-Progress AI-222-25F 4,201 kgf each",HTY-5,1715 km/h (Mach 1.72),"2,600 km (1,616 mi)","16,000 m (52,493 ft)",200.0 m/s (656.2 ft/s),,,,
jl-8,https://globalmilitary.net/aircraft/jl-8/,JL-8,11.6 m (38.1 ft),9.6 m (31.6 ft),4.2 m (13.8 ft),"2,687 kg (5,924 lbs)","4,330 kg (9,546 lbs)","1 × turbofan Honeywell TFE731-2A-2A 1,633 kgf each",Martin-Baker Mk 10L,800 km/h (497 mph),"2,250 km (1,398 mi)","13,600 m (44,619 ft)",,2,17 m² (183.0 sqft),,
jl-9,https://globalmilitary.net/aircraft/jl-9/,JL-9,14.6 m (47.7 ft),8.3 m (27.3 ft),4.1 m (13.5 ft),"7,800 kg (17,196 lbs)","9,800 kg (21,605 lbs)","1 × turbojet Guizhou WP-13F 4,497 kgf each",TYD-6,1100 km/h (Mach 1.1),863 km (536 mi),"16,000 m (52,493 ft)",260.0 m/s (853.0 ft/s),,24.9 m² (267.8 sqft),,
jaguar,https://globalmilitary.net/aircraft/jaguar/,Jaguar,15.5 m (50.9 ft),8.7 m (28.5 ft),4.9 m (16.1 ft),"7,000 kg (15,432 lbs)","15,700 kg (34,613 lbs)","2 × turbofans Rolls-Royce-Turbomeca Adour 804 6,000 kgf each",Martin-Baker Mk 9,1699 km/h (Mach 1.7),"1,902 km (1,182 mi)","14,000 m (45,932 ft)",,1,24 m² (258.3 sqft),"565 m (1,854 ft)",
jasoos-ii,https://globalmilitary.net/aircraft/jasoos-ii/,Jasoos II,4.3 m (14.0 ft),4.9 m (16.1 ft),,,175 kg (386 lbs),"1 × 2-cylinder, 2-stroke gasoline engine 28 kW each",,130 km/h (81 mph),100 km (62 mi),"3,048 m (10,000 ft)",,,,,5 hours
jetstream-31,https://globalmilitary.net/aircraft/jetstream-31/,Jetstream 31,14.4 m (47.1 ft),16 m (52.5 ft),5.3 m (17.5 ft),"4,360 kg (9,612 lbs)","6,954 kg (15,331 lbs)",2 × turboprops Honeywell TPE331-10 671 kW each,,487 km/h (303 mph),"1,260 km (783 mi)","7,620 m (25,000 ft)",10.6 m/s (34.8 ft/s),,25 m² (269.1 sqft),,
jetstream-41,https://globalmilitary.net/aircraft/jetstream-41/,Jetstream 41,19.3 m (63.2 ft),18.4 m (60.5 ft),5.5 m (18.1 ft),"6,416 kg (14,145 lbs)","10,886 kg (23,999 lbs)","2 × turboprops AlliedSignal TPE331-14 1,230 kW each",,547 km/h (340 mph),"1,433 km (890 mi)","7,925 m (26,001 ft)",11.2 m/s (36.7 ft/s),,32 m² (344.4 sqft),,
kaan,https://globalmilitary.net/aircraft/kaan/,KAAN,20.3 m (66.6 ft),13.4 m (44.0 ft),5 m (16.4 ft),,"34,750 kg (76,611 lbs)",2 × General Electric F110-GE-129 131 kN each,,1912 km/h (Mach 1.91),,"16,764 m (55,000 ft)",,1,71.6 m² (770.7 sqft),,
kc-10-extender,https://globalmilitary.net/aircraft/kc-10-extender/,KC-10 Extender,55.4 m (181.6 ft),50.4 m (165.4 ft),17.7 m (58.1 ft),"109,328 kg (241,027 lbs)","267,619 kg (589,998 lbs)",3 × General Electric F103 (GE CF6-50C2) 234 kN each,,866 km/h (538 mph),"7,100 km (4,412 mi)","13,000 m (42,651 ft)",34.9 m/s (114.5 ft/s),"4 (aircraft commander, co-pilot, flight engineer, boom operator)",367.7 m² (3957.9 sqft),,
kc-130-hercules,https://globalmilitary.net/aircraft/kc-130-hercules/,KC-130 Hercules,29.8 m (97.9 ft),40.4 m (132.7 ft),11.6 m (38.1 ft),"34,274 kg (75,561 lbs)","79,379 kg (175,001 lbs)","4 × turboprops Rolls-Royce AE 2100D3 4,474 kW each",,670 km/h (416 mph),"5,250 km (3,262 mi)","8,534 m (27,999 ft)",,,162 m² (1743.8 sqft),"953 m (3,127 ft)",
kc-135-stratotanker,https://globalmilitary.net/aircraft/kc-135-stratotanker/,KC-135 Stratotanker,4,41.5 m (136.3 ft),39.9 m (130.8 ft),12.7 m (41.7 ft),226 m² (2432.6 sqft),"44,663 kg (98,465 lbs)","146,283 kg (322,498 lbs)","4 × turbofans CFM International F108-CF-100 9,813 kgf each",933 km/h (580 mph),"2,400 km (1,491 mi)",11 hours,"15,240 m (50,000 ft)",24.893 m/s (81.7 ft/s),
kc-46-pegasus,https://globalmilitary.net/aircraft/kc-46-pegasus/,KC-46 Pegasus,"3 (2 pilots, boom operator)",50.5 m (165.7 ft),48.1 m (157.8 ft),15.9 m (52.2 ft),,"82,377 kg (181,610 lbs)","188,240 kg (414,998 lbs)",2 × Pratt & Whitney PW4062 280 kN each,914 km/h (568 mph),"11,830 km (7,351 mi)",,"12,200 m (40,026 ft)",,
kc-767,https://globalmilitary.net/aircraft/kc-767/,KC-767,"3 (2 pilots, boom operator)",48.5 m (159.1 ft),47.6 m (156.2 ft),15.8 m (51.8 ft),,"82,377 kg (181,610 lbs)","186,880 kg (411,999 lbs)",2 × GE CF6-80C2 268 kN each,915 km/h (569 mph),"12,200 km (7,581 mi)",,"12,200 m (40,026 ft)",,
kf-21-boramae,https://globalmilitary.net/aircraft/kf-21-boramae/,KF-21 Boramae,,16.8 m (55.1 ft),11.2 m (36.7 ft),4.8 m (15.7 ft),46 m² (495.1 sqft),"11,793 kg (25,999 lbs)","25,401 kg (56,000 lbs)","2 × turbofans Hanwha F414-KI 9,983 kgf each",2200 km/h (Mach 2.2),"2,900 km (1,802 mi)",,"16,764 m (55,000 ft)",,Martin-Baker Mk 18
kj-200,https://globalmilitary.net/aircraft/kj-200/,KJ-200 Moth,,34.0 m (111.6 ft),38 m (124.7 ft),11.2 m (36.6 ft),121.9 m² (1312.1 sqft),"35,490 kg (78,242 lbs)","61,000 kg (134,482 lbs)","4 × Zhuzhou WJ-6 turboprop 3,170 kW each",660 km/h (410 mph),"5,615 km (3,489 mi)",,"10,400 m (34,121 ft)",10.0 m/s (32.8 ft/s),
kj-2000,https://globalmilitary.net/aircraft/kj-2000/,KJ-2000 Mainring,,,,,,,"175,000 kg (385,808 lbs)",Soloviev D-30KP-2,850 km/h (528 mph),"5,500 km (3,418 mi)",7 hours,,,
kj-500,https://globalmilitary.net/aircraft/kj-500/,KJ-500,,,,,,,"77,000 kg (169,756 lbs)",,550 km/h (342 mph),"5,700 km (3,542 mi)",12 hours,,,
kq-200,https://globalmilitary.net/aircraft/kq-200/,KQ-200,"13 (2 pilots, 11 mission crew)",,,,,,,4 × Wojiang WJ-6C,600 km/h (373 mph),"5,000 km (3,107 mi)",8 hours,,,
kt-1-woongbi,https://globalmilitary.net/aircraft/kt-1-woongbi/,KT-1 Woongbi,,10.3 m (33.7 ft),10.6 m (34.7 ft),3.7 m (12.1 ft),16.0 m² (172.3 sqft),"1,910 kg (4,211 lbs)","2,540 kg (5,600 lbs)",1 × turboprop Pratt & Whitney Canada PT6A-62 708 kW each,574 km/h (357 mph),"2,070 km (1,286 mi)",,"11,582 m (37,999 ft)",16.2 m/s (53.1 ft/s),Martin-Baker Mk 16LF
kt-100,https://globalmilitary.net/aircraft/kt-100/,KT-100,,8.0 m (26.3 ft),11.3 m (37.0 ft),2.7 m (8.9 ft),,"1,089 kg (2,401 lbs)","1,633 kg (3,600 lbs)",1 × pistons engine Continental TSIOF-550-K 235 kW each,389 km/h (242 mph),"1,900 km (1,181 mi)",,"5,304 m (17,402 ft)",,
kub-bla,https://globalmilitary.net/aircraft/kub-bla/,KUB-BLA,1.0 m (3.1 ft),1.2 m (4.0 ft),0.2 m (0.5 ft),130 km/h (81 mph),0 hours,,,,,,,,
kuh-1-surion,https://globalmilitary.net/aircraft/kuh-1-surion/,KUH-1 Surion,19 m (62.3 ft),15.8 m (51.8 ft),4.5 m (14.8 ft),270 km/h (168 mph),,"4,973 kg (10,964 lbs)","8,709 kg (19,200 lbs)","2 × turboshafts Samsung Techwin T700-ST-701K 1,228 kW each",828 km (514 mi),"3,048 m (10,000 ft)",8.5 m/s (27.9 ft/s),,
kus-fs,https://globalmilitary.net/aircraft/kus-fs/,KUS-FS,13 m (42.7 ft),25 m (82.0 ft),3 m (9.8 ft),360 km/h (224 mph),24 hours,,"5,750 kg (12,677 lbs)",1 × Hanwha Aerospace turboprop 890 kW each,500 km (311 mi),"13,716 m (45,000 ft)",,,
kzo,https://globalmilitary.net/aircraft/kzo/,KZO,2.3 m (7.5 ft),3.4 m (11.2 ft),,,4 hours,,,1 × Two-stroke engine,,,,,
ka-22-hoop,https://globalmilitary.net/aircraft/ka-22-hoop/,Ka-22 Hoop,27 m (88.6 ft),22.5 m (73.8 ft),,375 km/h (233 mph),,"28,200 kg (62,170 lbs)","42,500 kg (93,696 lbs)","2 × turboshafts Soloviev D-25VK 4,045 kW each",450 km (280 mi),"5,500 m (18,045 ft)",,3,105 m² (1130.2 sqft)
ka-226-hoodlum-c,https://globalmilitary.net/aircraft/ka-226-hoodlum-c/,Ka-226 Hoodlum-C,8.1 m (26.6 ft),13 m (42.7 ft),4.2 m (13.6 ft),205 km/h (127 mph),,"1,950 kg (4,299 lbs)","3,450 kg (7,606 lbs)",2 × turboshafts Rolls-Royce 250-C20R2 336 kW each,600 km (373 mi),"6,200 m (20,341 ft)",5.4 m/s (17.7 ft/s),1,
ka-25-hormone,https://globalmilitary.net/aircraft/ka-25-hormone/,Ka-25 Hormone,9.8 m (32.0 ft),15.7 m (51.6 ft),5.4 m (17.6 ft),220 km/h (137 mph),,"4,765 kg (10,505 lbs)","7,500 kg (16,535 lbs)",2 × turboshafts Glushenkov GTD-3F 671 kW each,400 km (249 mi),"3,350 m (10,991 ft)",,4–5,
ka-26,https://globalmilitary.net/aircraft/ka-26/,Ka-26,7.8 m (25.4 ft),13 m (42.7 ft),4.1 m (13.3 ft),170 km/h (106 mph),3 hours,"1,950 kg (4,299 lbs)","3,250 kg (7,165 lbs)",2 × Vedeneyev M-14V-26 242 kW each,400 km (249 mi),"3,000 m (9,843 ft)",,1–2,
ka-27-helix,https://globalmilitary.net/aircraft/ka-27-helix/,Ka-27 Helix,11.3 m (37.1 ft),15.8 m (51.8 ft),5.5 m (18.0 ft),270 km/h (168 mph),,"6,500 kg (14,330 lbs)","12,000 kg (26,455 lbs)","2 × turboshafts Klimov TV3-117V 1,659 kW each",980 km (609 mi),"5,000 m (16,404 ft)",,3,
ka-29-helix-b,https://globalmilitary.net/aircraft/ka-29-helix-b/,Ka-29 Helix-B,11.3 m (37.1 ft),15.8 m (51.8 ft),5.5 m (18.0 ft),270 km/h (168 mph),,"6,500 kg (14,330 lbs)","12,000 kg (26,455 lbs)","2 × turboshafts Isotov TV3-117V 1,660 kW each",980 km (609 mi),"5,000 m (16,404 ft)",,1–3,392.2 m² (4221.6 sqft)
ka-31,https://globalmilitary.net/aircraft/ka-31/,Ka-31,2,12.5 m (41.0 ft),15.9 m (52.2 ft),5.6 m (18.4 ft),397.2 m² (4275.4 sqft),"12,500 kg (27,558 lbs)","2 × Isotov TV3-117VMA 1,864 kW each",250 km/h (155 mph),600 km (373 mi),2 hours,,,,,
ka-50-hokum,https://globalmilitary.net/aircraft/ka-50-hokum/,"Ka-50 Hokum ""Black Shark""",1,16 m (52.5 ft),14.5 m (47.6 ft),4.9 m (16.2 ft),,"10,800 kg (23,810 lbs)","2 × turboshafts Klimov TV3-117VK 1,641 kW each",315 km/h (196 mph),460 km (286 mi),,"7,700 kg (16,976 lbs)",Zvezda K-37-800,"5,500 m (18,045 ft)",10.0 m/s (32.8 ft/s),
ka-52-hokum-b,https://globalmilitary.net/aircraft/ka-52-hokum-b/,Ka-52 Alligator Hokum-B,"2 (pilot, WSO)",15.9 m (52.0 ft),7.8 m (25.7 ft),5.0 m (16.4 ft),330.3 m² (3555.3 sqft),"10,800 kg (23,810 lbs)","2 × turboshafts Klimov VK-2500 1,790 kW each",300 km/h (186 mph),460 km (286 mi),,"7,800 kg (17,196 lbs)",,"5,500 m (18,045 ft)",12.0 m/s (39.4 ft/s),
ka-60-kasatka,https://globalmilitary.net/aircraft/ka-60-kasatka/,Ka-60 Kasatka,1–2,15.6 m (51.2 ft),13.5 m (44.3 ft),4.6 m (15.1 ft),143.1 m² (1540.3 sqft),"6,500 kg (14,330 lbs)",2 × turboshafts Rybinsk RD-600V 956 kW each,300 km/h (186 mph),700 km (435 mi),,,,"5,150 m (16,896 ft)",10.4 m/s (34.1 ft/s),
kaman-22,https://globalmilitary.net/aircraft/kaman-22/,Kaman-22,,,,,,,,,"3,000 km (1,864 mi)",,,,,,
karayel,https://globalmilitary.net/aircraft/karayel/,Karayel,,6.5 m (21.3 ft),13 m (42.7 ft),2.1 m (6.9 ft),,"630 kg (1,389 lbs)",,150 km/h (93 mph),150 km (93 mi),20 hours,,,"5,486 m (17,999 ft)",13.3 m/s (43.6 ft/s),
kargu,https://globalmilitary.net/aircraft/kargu/,Kargu,,0.6 m (2.0 ft),0.6 m (2.0 ft),,,7 kg (15 lbs),4 × Electric motors,72 km/h (45 mph),10 km (6 mi),,,,"2,800 m (9,186 ft)",,
karrar,https://globalmilitary.net/aircraft/karrar/,Karrar,,4 m (13.1 ft),2.5 m (8.2 ft),,,"700 kg (1,543 lbs)",1 × Tolloue 5 or Microturbo TRI 60-5 turbojet 4 kN each,900 km/h (559 mph),"1,000 km (621 mi)",,,,,,
kawasaki-c1,https://globalmilitary.net/aircraft/kawasaki-c1/,Kawasaki C-1,"5 (pilot, co-pilot, WSO, flight engineer, loadmaster)",29 m (95.1 ft),30.3 m (99.4 ft),10.0 m (32.8 ft),120.5 m² (1297.0 sqft),"45,000 kg (99,208 lbs)","2 × turbofans Pratt & Whitney JT8D-M-9 6,574 kgf each",806 km/h (501 mph),"3,353 km (2,083 mi)",,"24,300 kg (53,572 lbs)",,"11,580 m (37,992 ft)",17.8 m/s (58.4 ft/s),"439 m (1,440 ft)"
c2-kawasaki,https://globalmilitary.net/aircraft/c2-kawasaki/,Kawasaki C-2,"3 (2 pilots, loadmaster)",43.9 m (144.0 ft),44.4 m (145.7 ft),14.2 m (46.6 ft),,"141,400 kg (311,733 lbs)",2 × General Electric CF6-80C2K1F 266 kN each,920 km/h (572 mph),"7,600 km (4,722 mi)",,"69,000 kg (152,119 lbs)",,"13,100 m (42,979 ft)",,
kawasaki-p1,https://globalmilitary.net/aircraft/kawasaki-p1/,Kawasaki P-1,38 m (124.7 ft),35.4 m (116.1 ft),12.1 m (39.7 ft),"79,832 kg (175,999 lbs)","4 × turbojets Ishikawa-Harima XF7-10 6,123 kgf each",996 km/h (619 mph),"8,000 km (4,971 mi)","13,472 m (44,199 ft)",,,,,,,
kawasaki-t4,https://globalmilitary.net/aircraft/kawasaki-t4/,Kawasaki T-4,13 m (42.7 ft),9.9 m (32.6 ft),4.6 m (15.1 ft),"7,500 kg (16,535 lbs)","2 × turbojets Ishikawa-Harima F3-IHI-30 1,597 kgf each",1038 km/h (Mach 1.04),"1,668 km (1,036 mi)","15,240 m (50,000 ft)",21 m² (226.0 sqft),"3,790 kg (8,356 lbs)",UPC Stencel SIIS-3,50.8 m/s (166.7 ft/s),,,
kfir,https://globalmilitary.net/aircraft/kfir/,Kfir,15.7 m (51.3 ft),8.2 m (27.0 ft),4.6 m (14.9 ft),"16,200 kg (35,715 lbs)","1 × turbojet General Electric J79-J1E 8,119 kgf each",2440 km/h (Mach 2.44),"1,000 km (621 mi)","17,678 m (57,999 ft)",34.8 m² (374.6 sqft),"7,285 kg (16,061 lbs)",Martin-Baker Mk 6,233.0 m/s (764.4 ft/s),1,,
king-air,https://globalmilitary.net/aircraft/king-air/,King Air 90,11.9 m (39.1 ft),13.8 m (45.1 ft),4.7 m (15.5 ft),"5,352 kg (11,799 lbs)",2 × turboprops Garrett TPE331-6-251B 626 kW each,494 km/h (307 mph),"2,446 km (1,520 mi)","7,574 m (24,849 ft)",26.0 m² (279.7 sqft),"3,217 kg (7,092 lbs)",,10.87 m/s (35.7 ft/s),,4 hours,
korsar,https://globalmilitary.net/aircraft/korsar/,Korsar,4.2 m (13.8 ft),6.5 m (21.3 ft),,400 kg (882 lbs),1 × piston engine,150 km/h (93 mph),250 km (155 mi),"2,000 m (6,562 ft)",,200 kg (441 lbs),,,,12 hours,
hesa-kowsar,https://globalmilitary.net/aircraft/hesa-kowsar/,Kowsar,14.5 m (47.4 ft),8.1 m (26.7 ft),4.1 m (13.4 ft),"9,312 kg (20,529 lbs)",2 × Owj 22 kN each,1700 km/h (Mach 1.7),"2,900 km (1,802 mi)","15,800 m (51,837 ft)",17.3 m² (186.0 sqft),"4,349 kg (9,588 lbs)",,175.0 m/s (574.1 ft/s),2,,
kronshtadt-orion,https://globalmilitary.net/aircraft/kronshtadt-orion/,Kronshtadt Orion,8 m (26.2 ft),16 m (52.5 ft),3 m (9.8 ft),"1,150 kg (2,535 lbs)",,200 km/h (124 mph),"1,440 km (895 mi)","7,500 m (24,606 ft)",,,,,,24 hours,
l159-alca,https://globalmilitary.net/aircraft/l159-alca/,L-159 ALCA,12.7 m (41.7 ft),9.5 m (31.3 ft),4.9 m (16.0 ft),"8,000 kg (17,637 lbs)","1 × turbofan Honeywell F124-GA-100 2,871 kgf each",936 km/h (582 mph),"1,570 km (976 mi)","13,200 m (43,307 ft)",18.8 m² (202.4 sqft),"4,350 kg (9,590 lbs)",VS-2B,62.0 m/s (203.4 ft/s),1,,
l29-delfin,https://globalmilitary.net/aircraft/l29-delfin/,L-29 Delfin,10.8 m (35.5 ft),10.3 m (33.8 ft),3.1 m (10.3 ft),"3,540 kg (7,804 lbs)",1 × turbojet Motorlet M-701C 500 890 kgf each,655 km/h (407 mph),894 km (556 mi),"11,500 m (37,730 ft)",20 m² (215.3 sqft),"2,280 kg (5,027 lbs)",VS-1 BRI,14.0 m/s (45.9 ft/s),2,,
l39-albatros,https://globalmilitary.net/aircraft/l39-albatros/,L-39 Albatros,12.1 m (39.8 ft),9.5 m (31.0 ft),4.8 m (15.6 ft),"4,700 kg (10,362 lbs)","1 × turbofan Ivchenko-Progress AI-25TL 1,720 kgf each",750 km/h (466 mph),"1,100 km (684 mi)","11,500 m (37,730 ft)",18.8 m² (202.4 sqft),"3,459 kg (7,626 lbs)",Aero VS-1,22.0 m/s (72.2 ft/s),2,,"480 m (1,575 ft)"
l-70-vinka,https://globalmilitary.net/aircraft/l-70-vinka/,L-70 Vinka,"2 (student, instructor)",7.5 m (24.6 ft),9.9 m (32.3 ft),3.3 m (10.9 ft),14 m² (150.7 sqft),"767 kg (1,691 lbs)","1,250 kg (2,756 lbs)",1 × Lycoming AEIO-360-A1B6 149 kW each,240 km/h (149 mph),860 km (534 mi),"5,000 m (16,404 ft)",5.7 m/s (18.7 ft/s),,
l-90-redigo,https://globalmilitary.net/aircraft/l-90-redigo/,L-90 Redigo,2,8.5 m (28.0 ft),10.6 m (34.8 ft),3.2 m (10.5 ft),14.8 m² (159.3 sqft),"970 kg (2,138 lbs)","1,900 kg (4,189 lbs)",1 × Allison 250-B17F 340 kW each,354 km/h (220 mph),"1,000 km (621 mi)","6,340 m (20,801 ft)",9.3 m/s (30.5 ft/s),,
la-7-fin,https://globalmilitary.net/aircraft/la-7-fin/,La-7 Fin,1,8.6 m (28.2 ft),9.8 m (32.2 ft),2.5 m (8.3 ft),17.6 m² (189.3 sqft),"2,638 kg (5,816 lbs)","3,315 kg (7,308 lbs)","1 × radial piston engine Shvetsov ASh-82FN 1,380 kW each",661 km/h (411 mph),665 km (413 mi),"10,450 m (34,285 ft)",15.7 m/s (51.5 ft/s),,
lakshya,https://globalmilitary.net/aircraft/lakshya/,Lakshya,,2.4 m (7.8 ft),5 m (16.4 ft),,2.3 m² (24.4 sqft),,"705 kg (1,554 lbs)",1 × HAL PTAE-7 turbojet 380 kgf each,858 km/h (533 mph),150 km (93 mi),"9,000 m (29,528 ft)",25.0 m/s (82.0 ft/s),,
lasta-95,https://globalmilitary.net/aircraft/lasta-95/,Lasta-95,,,9.7 m (31.8 ft),,,"888 kg (1,958 lbs)",,,345 km/h (214 mph),"1,160 km (721 mi)","6,000 m (19,685 ft)",8.5 m/s (27.9 ft/s),,
learjet-35,https://globalmilitary.net/aircraft/learjet-35/,Learjet 35,,,12.0 m (39.5 ft),,,"4,152 kg (9,154 lbs)",,,872 km/h (542 mph),"5,291 km (3,288 mi)","13,716 m (45,000 ft)",23.0 m/s (75.5 ft/s),,
learjet-45,https://globalmilitary.net/aircraft/learjet-45/,Learjet 45,,17.6 m (57.6 ft),14.6 m (47.8 ft),4.3 m (14.1 ft),29.0 m² (311.6 sqft),"5,829 kg (12,851 lbs)","9,163 kg (20,201 lbs)","2 × turbofans Honeywell TFE731-20 1,588 kgf each",858 km/h (533 mph),"3,167 km (1,968 mi)","15,545 m (51,001 ft)",14.5 m/s (47.6 ft/s),"1,536 m (5,039 ft)",
leleka-100,https://globalmilitary.net/aircraft/leleka-100/,Leleka-100,,1.1 m (3.7 ft),2.0 m (6.5 ft),0.4 m (1.1 ft),,,5 kg (11 lbs),1 × Electric motor,140 km/h (87 mph),100 km (62 mi),"1,500 m (4,921 ft)",,,2 hours
falco,https://globalmilitary.net/aircraft/falco/,Leonardo Falco,,5.3 m (17.2 ft),7.2 m (23.6 ft),1.8 m (5.9 ft),,,420 kg (926 lbs),1 × Gasoline engine 48 kW each,216 km/h (134 mph),200 km (124 mi),"5,000 m (16,404 ft)",,,14 hours
l410,https://globalmilitary.net/aircraft/l410/,Let L-410,,14.5 m (47.5 ft),19.5 m (63.9 ft),5.8 m (19.1 ft),35.2 m² (378.9 sqft),"3,800 kg (8,378 lbs)","5,800 kg (12,787 lbs)",2 × turboprops Walter M601B 575 kW each,365 km/h (227 mph),"1,500 km (932 mi)","7,000 m (22,966 ft)",8.5 m/s (27.9 ft/s),,
m18-dromader,https://globalmilitary.net/aircraft/m18-dromader/,M-18 Dromader,1–2,9.5 m (31.1 ft),17.7 m (58.1 ft),3.7 m (12.1 ft),40 m² (430.6 sqft),"2,710 kg (5,975 lbs)","4,200 kg (9,259 lbs)",1 × PZL Kalisz ASz-621R 731 kW each,200 km/h (124 mph),970 km (603 mi),"6,500 m (21,325 ft)",6.5 m/s (21.3 ft/s),,,
m346-master,https://globalmilitary.net/aircraft/m346-master/,M-346 Master,2,11.5 m (37.7 ft),9.7 m (31.9 ft),4.8 m (15.6 ft),23.5 m² (253.2 sqft),"4,610 kg (10,163 lbs)","9,500 kg (20,944 lbs)","2 × turbofans Honeywell F124-GA-200 2,835 kgf each",1092 km/h (Mach 1.09),"1,925 km (1,196 mi)","13,716 m (45,000 ft)",127.0 m/s (416.7 ft/s),Martin-Baker Mk 16,"320 m (1,050 ft)",
m4-bison,https://globalmilitary.net/aircraft/m4-bison/,M-4 Bison,7,47.2 m (154.9 ft),50.5 m (165.7 ft),14.1 m (46.3 ft),326.4 m² (3512.8 sqft),"79,700 kg (175,708 lbs)","181,500 kg (400,139 lbs)","4 × turbojets Mikouline AM-3 9,525 kgf each",947 km/h (588 mph),"5,600 km (3,480 mi)","11,000 m (36,089 ft)",,,,
m-50-bounder,https://globalmilitary.net/aircraft/m-50-bounder/,M-50 Bounder,2,57.5 m (188.6 ft),25.1 m (82.3 ft),8.3 m (27.1 ft),290.6 m² (3128.0 sqft),"85,000 kg (187,393 lbs)","200,000 kg (440,924 lbs)",4 × turbojets Dobrynin VD-7F 137 kN each,1950 km/h (Mach 1.95),"7,400 km (4,598 mi)","16,500 m (54,134 ft)",,,,
m-55-mystic,https://globalmilitary.net/aircraft/m-55-mystic/,M-55 Mystic,1,22.9 m (75.0 ft),37.5 m (122.9 ft),4.8 m (15.7 ft),131.6 m² (1416.5 sqft),"13,995 kg (30,854 lbs)","23,800 kg (52,470 lbs)",2 × turbofans Soloviev D-30-V12 93 kN each,750 km/h (466 mph),"4,965 km (3,085 mi)","21,500 m (70,538 ft)",,,,6 hours
m28-skytruck,https://globalmilitary.net/aircraft/m28-skytruck/,M28 Skytruck,2,13.1 m (43.0 ft),22.1 m (72.4 ft),4.9 m (16.1 ft),39.7 m² (427.5 sqft),"4,354 kg (9,599 lbs)","7,500 kg (16,535 lbs)",2 × Pratt & Whitney Canada PT6A-65B 820 kW each,355 km/h (221 mph),"1,592 km (989 mi)","7,620 m (25,000 ft)",12.29 m/s (40.3 ft/s),,,6 hours
mb-326k,https://globalmilitary.net/aircraft/mb-326k/,MB-326K,,10.7 m (34.9 ft),10.6 m (34.6 ft),3.7 m (12.2 ft),19 m² (204.5 sqft),"2,237 kg (4,932 lbs)","3,765 kg (8,300 lbs)","1 × turbojet Bristol-Siddeley Viper Mk11 1,134 kgf each",806 km/h (501 mph),"1,850 km (1,150 mi)","12,497 m (41,001 ft)",22.3 m/s (73.2 ft/s),Martin-Baker Mk 4,,
mb-339,https://globalmilitary.net/aircraft/mb-339/,MB-339,,11.0 m (36.0 ft),10.9 m (35.6 ft),3.6 m (11.8 ft),19 m² (204.5 sqft),"3,075 kg (6,779 lbs)","5,897 kg (13,001 lbs)","1 × turbojet Rolls-Royce Viper 632 1,814 kgf each",898 km/h (558 mph),"1,760 km (1,094 mi)","14,630 m (47,999 ft)",33.5 m/s (109.9 ft/s),Martin-Baker Mk 10,,
bo-105,https://globalmilitary.net/aircraft/bo-105/,MBB Bo 105,,11.9 m (38.9 ft),9.8 m (32.3 ft),3.0 m (9.9 ft),,"1,675 kg (3,693 lbs)","2,700 kg (5,952 lbs)",2 × turboshafts Allison 250-C20R3 332 kW each,270 km/h (168 mph),657 km (408 mi),"5,182 m (17,001 ft)",8.0 m/s (26.2 ft/s),,,
md-450-ouragan,https://globalmilitary.net/aircraft/md-450-ouragan/,MD-450 Ouragan,1,10.7 m (35.2 ft),13.2 m (43.2 ft),4.1 m (13.6 ft),23.8 m² (256.2 sqft),"4,142 kg (9,132 lbs)","7,900 kg (17,416 lbs)","1 × turbojet with centrifugal compressor Rolls-Royce Nene 104B 2,263 kgf each",940 km/h (584 mph),920 km (572 mi),"13,000 m (42,651 ft)",38.0 m/s (124.7 ft/s),Martin-Baker Mk 4,,
md-500,https://globalmilitary.net/aircraft/md-500/,MD-500,1,9.4 m (30.8 ft),8.3 m (27.3 ft),2.6 m (8.4 ft),"672 kg (1,482 lbs)","1,361 kg (3,000 lbs)",1 × turboshaft Allison 250-C20B 313 kW each,282 km/h (175 mph),430 km (267 mi),"4,877 m (16,001 ft)",9.0 m/s (29.5 ft/s),,
md-900,https://globalmilitary.net/aircraft/md-900/,MD-900,2,9.9 m (32.4 ft),10.3 m (33.8 ft),3.7 m (12.0 ft),"1,531 kg (3,375 lbs)","2,835 kg (6,250 lbs)",2 × turboshafts Pratt & Whitney Canada PW206E 410 kW each,259 km/h (161 mph),543 km (337 mi),"5,334 m (17,500 ft)",5.1 m/s (16.7 ft/s),,
mfi-15-safari,https://globalmilitary.net/aircraft/mfi-15-safari/,MFI-15 Safari,,7.2 m (23.5 ft),8.9 m (29.0 ft),2.6 m (8.5 ft),"760 kg (1,676 lbs)","1,250 kg (2,756 lbs)",1 × pistons engine Lycoming IO-540-V4A5 194 kW each,236 km/h (147 mph),700 km (435 mi),"6,706 m (22,001 ft)",8.6 m/s (28.2 ft/s),11.9 m² (128.1 sqft),
mh-53j-pave-low-iii,https://globalmilitary.net/aircraft/mh-53j-pave-low-iii/,MH-53J Pave Low III,"6 (2 pilots, 2 flight engineers, 2 aerial gunners)",27 m (88.6 ft),22.0 m (72.0 ft),7.6 m (24.9 ft),"14,515 kg (32,000 lbs)","20,865 kg (45,999 lbs)","2 × General Electric T64-GE-100 3,230 kW each",310 km/h (193 mph),"1,100 km (684 mi)","4,900 m (16,076 ft)",,378.4 m² (4073.0 sqft),
mq-1-predator,https://globalmilitary.net/aircraft/mq-1-predator/,MQ-1 Predator,,8.2 m (27.0 ft),14.8 m (48.6 ft),,"512 kg (1,129 lbs)","1,020 kg (2,249 lbs)",1 × Rotax 912ULS,217 km/h (135 mph),"1,250 km (777 mi)","7,620 m (25,000 ft)",,,24 hours
mq-1c-gray-eagle,https://globalmilitary.net/aircraft/mq-1c-gray-eagle/,MQ-1C Gray Eagle,,8.5 m (28.0 ft),17 m (55.8 ft),2.1 m (6.9 ft),"1,318 kg (2,906 lbs)","1,633 kg (3,600 lbs)",1 × Thielert Centurion 1.7 Heavy-Fuel Engine 123 kW each,309 km/h (192 mph),370 km (230 mi),"8,839 m (28,999 ft)",,,25 hours
mq-20-avenger,https://globalmilitary.net/aircraft/mq-20-avenger/,MQ-20 Avenger,,13 m (42.7 ft),20 m (65.6 ft),,,"8,255 kg (18,199 lbs)",1 × Pratt & Whitney Canada PW545B 17 kN each,740 km/h (460 mph),"2,900 km (1,802 mi)","15,240 m (50,000 ft)",,,18 hours
mq-25-stingray,https://globalmilitary.net/aircraft/mq-25-stingray/,MQ-25 Stingray,,15.5 m (50.9 ft),22.9 m (75.1 ft),3 m (9.8 ft),"6,400 kg (14,110 lbs)",,1 × Rolls-Royce AE 3007N 44 kN each,620 km/h (385 mph),930 km (578 mi),"12,000 m (39,370 ft)",,,
mq-28-ghost-bat,https://globalmilitary.net/aircraft/mq-28-ghost-bat/,MQ-28 Ghost Bat,,11.7 m (38.4 ft),7.3 m (24.0 ft),,"1,500 kg (3,307 lbs)",,1 × Williams FJ44 or Pratt & Whitney Canada PW300,,"3,700 km (2,299 mi)",,,,
mq-4-triton,https://globalmilitary.net/aircraft/mq-4-triton/,MQ-4 Triton,,14.5 m (47.6 ft),39.9 m (130.9 ft),,"6,781 kg (14,950 lbs)","14,628 kg (32,249 lbs)",1 × Rolls-Royce AE3007H turbofan engine,610 km/h (379 mph),"15,200 km (9,445 mi)","16,800 m (55,118 ft)",,,30 hours
mq-8-fire-scout,https://globalmilitary.net/aircraft/mq-8-fire-scout/,MQ-8 Fire Scout,7.3 m (24.0 ft),9.8 m (32.2 ft),"940 kg (2,072 lbs)","1,450 kg (3,197 lbs)",1 × Rolls-Royce 250-C20W turboshaft,230 km/h (143 mph),200 km (124 mi),8 hours,"6,100 m (20,013 ft)",,,,,
mq-9-reaper,https://globalmilitary.net/aircraft/mq-9-reaper/,MQ-9 Reaper,11 m (36.1 ft),20 m (65.6 ft),"2,223 kg (4,901 lbs)","4,760 kg (10,494 lbs)",1 × Honeywell TPE331-10GD turboprop engine,300 km/h (186 mph),"1,850 km (1,150 mi)",27 hours,"15,000 m (49,213 ft)",,,,,
mq-9b-skyguardian,https://globalmilitary.net/aircraft/mq-9b-skyguardian/,MQ-9B SkyGuardian,11.7 m (38.4 ft),24 m (78.7 ft),,"5,670 kg (12,500 lbs)",1 × Honeywell TPE331-10 turboprop engine 671 kW each,390 km/h (242 mph),"11,000 km (6,835 mi)",40 hours,"12,200 m (40,026 ft)",,,,,
mqm-107-streaker,https://globalmilitary.net/aircraft/mqm-107-streaker/,MQM-107 Streaker,5.5 m (18.0 ft),3 m (9.8 ft),,"664 kg (1,464 lbs)",1 × Microturbo TRI 60 Turbojet,925 km/h (575 mph),,,"12,192 m (40,000 ft)",1.5 m (4.8 ft),,,,
ms-733-alcyon,https://globalmilitary.net/aircraft/ms-733-alcyon/,MS 733 Alcyon,9.3 m (30.6 ft),11.3 m (37.0 ft),"1,262 kg (2,782 lbs)","1,670 kg (3,682 lbs)",1 × pistons engine Potez 6D30 177 kW each,240 km/h (149 mph),920 km (572 mi),,"4,800 m (15,748 ft)",3.5 m (11.4 ft),"2 (pilot, instructor)",20.4 m² (219.6 sqft),5.0 m/s (16.4 ft/s),
mv-75-cheyenne-ii,https://globalmilitary.net/aircraft/mv-75-cheyenne-ii/,MV-75 Cheyenne II,15.4 m (50.5 ft),24.9 m (81.8 ft),"8,200 kg (18,078 lbs)","14,000 kg (30,865 lbs)","2 × Rolls-Royce AE 1107F 5,220 kW each",556 km/h (345 mph),"3,900 km (2,423 mi)",,"6,000 m (19,685 ft)",7 m (23.0 ft),"4 (2 pilots, 2 crew chiefs)",,23.0 m/s (75.5 ft/s),
dc-10,https://globalmilitary.net/aircraft/dc-10/,McDonnell Douglas DC-10,55.5 m (182.1 ft),50.4 m (165.4 ft),"121,198 kg (267,196 lbs)","263,083 kg (579,998 lbs)","3 × turbofans General Electric CF6-50C2 23,814 kgf each",1052 km/h (Mach 1.05),"9,600 km (5,965 mi)",,"12,802 m (42,001 ft)",17.7 m (58.1 ft),,368 m² (3961.1 sqft),,"2,847 m (9,341 ft)"
meraj-521,https://globalmilitary.net/aircraft/meraj-521/,Meraj-521,0.8 m (2.5 ft),1 m (3.3 ft),,,1 × electric motor,,5 km (3 mi),,150 m (492 ft),,,,,
mi-1-hare,https://globalmilitary.net/aircraft/mi-1-hare/,Mi-1 Hare,12.1 m (39.7 ft),14.4 m (47.1 ft),"1,700 kg (3,748 lbs)","2,330 kg (5,137 lbs)",1 × radial engine Ivchenko-Progress AI-26V 423 kW each,185 km/h (115 mph),430 km (267 mi),,"3,500 m (11,483 ft)",3.3 m (10.8 ft),1,,5.3 m/s (17.4 ft/s),
mi-10,https://globalmilitary.net/aircraft/mi-10/,Mi-10,32.9 m (107.8 ft),35 m (114.8 ft),"27,100 kg (59,745 lbs)","43,700 kg (96,342 lbs)","2 × Soloviev D-25V 4,100 kW each",335 km/h (208 mph),430 km (267 mi),,"3,000 m (9,843 ft)",,"3 (pilot, co-pilot, flight engineer)",962 m² (10354.9 sqft),,
mi-14-haze,https://globalmilitary.net/aircraft/mi-14-haze/,Mi-14 Haze,4,18.4 m (60.3 ft),21.3 m (69.8 ft),6.9 m (22.7 ft),"11,750 kg (25,904 lbs)","14,000 kg (30,865 lbs)","2 × turboshafts Klimov TV3-117MT 1,454 kW each",230 km/h (143 mph),"1,135 km (705 mi)","3,500 m (11,483 ft)",,
mi-17-hip-h,https://globalmilitary.net/aircraft/mi-17-hip-h/,Mi-17 Hip-H,3,18.5 m (60.6 ft),21.3 m (69.7 ft),4.8 m (15.6 ft),"7,489 kg (16,510 lbs)","13,000 kg (28,660 lbs)","2 × turboshafts Klimov TV3-117VM 1,491 kW each",250 km/h (155 mph),800 km (497 mi),"6,000 m (19,685 ft)",8.0 m/s (26.2 ft/s),
mi-2-hoplite,https://globalmilitary.net/aircraft/mi-2-hoplite/,Mi-2 Hoplite,1,11.4 m (37.4 ft),14.5 m (47.6 ft),3.8 m (12.3 ft),"2,372 kg (5,229 lbs)","3,700 kg (8,157 lbs)",2 × turboshafts PZL-Rzeszów GTD-350P 294 kW each,200 km/h (124 mph),440 km (273 mi),"4,000 m (13,123 ft)",4.5 m/s (14.8 ft/s),
mi-24-hind,https://globalmilitary.net/aircraft/mi-24-hind/,Mi-24 Hind,"2 (pilot, WSO)",21.4 m (70.0 ft),6.5 m (21.5 ft),5.5 m (17.9 ft),"7,792 kg (17,178 lbs)","11,500 kg (25,353 lbs)","2 × turboshafts Isotov TV3-117 1,641 kW each",330 km/h (205 mph),450 km (280 mi),"5,120 m (16,798 ft)",15.0 m/s (49.2 ft/s),
mi-26-halo,https://globalmilitary.net/aircraft/mi-26-halo/,Mi-26 Halo,5,40.0 m (131.3 ft),32 m (105.0 ft),8.1 m (26.7 ft),"28,200 kg (62,170 lbs)","56,000 kg (123,459 lbs)","2 × turboshafts ZMKB Progress D-136 8,500 kW each",295 km/h (183 mph),500 km (311 mi),"4,600 m (15,092 ft)",,804.3 m² (8656.9 sqft)
mi-28-havoc,https://globalmilitary.net/aircraft/mi-28-havoc/,Mi-28 Havoc,"2 (pilot, WSO)",17.0 m (55.8 ft),17.2 m (56.4 ft),4.7 m (15.4 ft),"8,590 kg (18,938 lbs)","12,000 kg (26,455 lbs)","2 × turboshafts Klimov TV3-117VMA 1,641 kW each",324 km/h (201 mph),"1,100 km (684 mi)","5,700 m (18,701 ft)",13.6 m/s (44.6 ft/s),
mi-34-hermit,https://globalmilitary.net/aircraft/mi-34-hermit/,Mi-34 Hermit,1,11.4 m (37.4 ft),10 m (32.8 ft),2.8 m (9.0 ft),"950 kg (2,094 lbs)","1,450 kg (3,197 lbs)",1 × pistons engine Vedeneyev M14V-26 239 kW each,210 km/h (130 mph),450 km (280 mi),"4,000 m (13,123 ft)",,
mi-35m,https://globalmilitary.net/aircraft/mi-35m/,Mi-35M,3–4,17.5 m (57.4 ft),17.2 m (56.4 ft),6.5 m (21.3 ft),"8,500 kg (18,739 lbs)","12,000 kg (26,455 lbs)","2 × turboshafts Klimov VK-2500 1,790 kW each",320 km/h (199 mph),450 km (280 mi),"5,750 m (18,865 ft)",15.0 m/s (49.2 ft/s),227 m² (2443.4 sqft)
mi-38,https://globalmilitary.net/aircraft/mi-38/,Mi-38,,19.7 m (64.6 ft),21.1 m (69.2 ft),5.1 m (16.8 ft),"8,300 kg (18,298 lbs)","15,600 kg (34,392 lbs)","2 × turboshafts Klimov TV7-117V 2,059 kW each",300 km/h (186 mph),880 km (547 mi),"5,100 m (16,732 ft)",,
mi-4-hound,https://globalmilitary.net/aircraft/mi-4-hound/,Mi-4 Hound,1–2,16.8 m (55.1 ft),21 m (68.9 ft),4.4 m (14.4 ft),"5,100 kg (11,244 lbs)","7,550 kg (16,645 lbs)","1 × Shvetsov ASh-82V 14-cylinder air-cooled radial piston engine 1,250 kW each",185 km/h (115 mph),500 km (311 mi),"5,500 m (18,045 ft)",,346.4 m² (3728.6 sqft)
mi-6-hook,https://globalmilitary.net/aircraft/mi-6-hook/,Mi-6 Hook,"6 (pilot, co-pilot, navigator, flight engineer, radio operator, technician)",33.2 m (108.9 ft),35 m (114.8 ft),9.2 m (30.0 ft),962.1 m² (10355.9 sqft),"44,000 kg (97,003 lbs)","2 × Soloviev D-25V turboshaft 4,100 kW each",300 km/h (186 mph),970 km (603 mi),2 hours,"4,500 m (14,764 ft)",5.0 m/s (16.4 ft/s),,,
mi-8-hip,https://globalmilitary.net/aircraft/mi-8-hip/,Mi-8 Hip,"3 (2 pilots, flight engineer)",25.2 m (82.8 ft),21.3 m (69.8 ft),5.7 m (18.5 ft),,"12,000 kg (26,455 lbs)","2 × turboshafts Klimov TV2-117 1,119 kW each",250 km/h (155 mph),495 km (308 mi),,"4,500 m (14,764 ft)",,"7,160 kg (15,785 lbs)",,
mig-15-fagot,https://globalmilitary.net/aircraft/mig-15-fagot/,MiG-15 Fagot,1,10.1 m (33.2 ft),10.1 m (33.1 ft),3.7 m (12.1 ft),20.6 m² (221.7 sqft),"6,105 kg (13,459 lbs)","1 × turbojet Klimov VK-1 2,700 kgf each",1075 km/h (Mach 1.07),"2,520 km (1,566 mi)",,"15,500 m (50,853 ft)",50.0 m/s (164.0 ft/s),"3,580 kg (7,893 lbs)",Severin KS-1,
mig-17-fresco,https://globalmilitary.net/aircraft/mig-17-fresco/,MiG-17 Fresco,1,11.3 m (36.9 ft),9.6 m (31.5 ft),3.8 m (12.5 ft),22.6 m² (243.3 sqft),"6,069 kg (13,380 lbs)","1 × turbojet Klimov VK-1F 3,447 kgf each",1145 km/h (Mach 1.15),"2,020 km (1,255 mi)",,"16,600 m (54,462 ft)",65.0 m/s (213.3 ft/s),"3,919 kg (8,640 lbs)",Mikoyan-Gourevitch KM-1,
mig-19-farmer,https://globalmilitary.net/aircraft/mig-19-farmer/,MiG-19 Farmer,1,12.5 m (41.1 ft),9.2 m (30.2 ft),3.9 m (12.7 ft),25.2 m² (270.8 sqft),"8,832 kg (19,471 lbs)","2 × turbojets Tumansky RD-9B 3,243 kgf each",1455 km/h (Mach 1.46),"2,200 km (1,367 mi)",,"17,500 m (57,415 ft)",180.0 m/s (590.6 ft/s),"5,447 kg (12,009 lbs)",Severin KS-1,"900 m (2,953 ft)"
mig-21-fishbed,https://globalmilitary.net/aircraft/mig-21-fishbed/,MiG-21 Fishbed,1,13.5 m (44.2 ft),7.2 m (23.5 ft),4.1 m (13.5 ft),23 m² (247.6 sqft),"8,625 kg (19,015 lbs)","1 × turbojet Tumansky R-11F-300 4,689 kgf each",2125 km/h (Mach 2.12),660 km (410 mi),,"19,000 m (62,336 ft)",,"4,871 kg (10,739 lbs)",Severin KS-1,
mig-23-flogger,https://globalmilitary.net/aircraft/mig-23-flogger/,MiG-23 Flogger,1,16.7 m (54.8 ft),14.0 m (45.8 ft),4.8 m (15.8 ft),37 m² (398.3 sqft),"17,800 kg (39,242 lbs)","1 × turbofan Tumansky R-35F-300 12,996 kgf each",2500 km/h (Mach 2.5),"2,360 km (1,466 mi)",,"18,000 m (59,055 ft)",240.0 m/s (787.4 ft/s),"10,230 kg (22,553 lbs)",Mikoyan-Gourevitch KM-1,"450 m (1,476 ft)"
mig-25-foxbat,https://globalmilitary.net/aircraft/mig-25-foxbat/,MiG-25 Foxbat,1,23.8 m (78.1 ft),14.0 m (46.0 ft),6.1 m (20.0 ft),61.4 m² (660.9 sqft),"36,200 kg (79,807 lbs)","2 × turbojets Tumansky R-15BD-300 10,207 kgf each",3000 km/h (Mach 3.0),"2,575 km (1,600 mi)",,"20,700 m (67,913 ft)",208.0 m/s (682.4 ft/s),"20,000 kg (44,092 lbs)",Mikoyan-Gourevitch KM-1,"1,200 m (3,937 ft)"
mig-27-flogger,https://globalmilitary.net/aircraft/mig-27-flogger/,MiG-27 Flogger,1,17.1 m (56.0 ft),14.0 m (45.8 ft),5 m (16.4 ft),37.4 m² (402.0 sqft),"20,670 kg (45,569 lbs)","1 × turbojet Khatchaturov R-29B-300 11,502 kgf each",1885 km/h (Mach 1.89),"2,500 km (1,553 mi)",,"14,000 m (45,932 ft)",200.0 m/s (656.2 ft/s),"11,908 kg (26,253 lbs)",Mikoyan-Gourevitch KM-1,
mig-29-fulcrum,https://globalmilitary.net/aircraft/mig-29-fulcrum/,MiG-29 Fulcrum,1,17.3 m (56.8 ft),11.4 m (37.3 ft),4.7 m (15.5 ft),38 m² (409.0 sqft),"18,000 kg (39,683 lbs)","2 × turbofans Klimov RD-33 8,319 kgf each",2450 km/h (Mach 2.45),"2,100 km (1,305 mi)",,"18,000 m (59,055 ft)",330.0 m/s (1082.7 ft/s),"11,000 kg (24,251 lbs)",Zvezda K-36DM,
mig-29k-fulcrum-d,https://globalmilitary.net/aircraft/mig-29k-fulcrum-d/,MiG-29K Fulcrum-D,1,17.3 m (56.8 ft),12.0 m (39.3 ft),4.4 m (14.4 ft),43 m² (462.8 sqft),"12,000 kg (26,455 lbs)","24,500 kg (54,013 lbs)","2 × turbofans Klimov RD-33MK 9,000 kgf each",Zvezda K-36DM,2200 km/h (Mach 2.2),"3,000 km (1,864 mi)","17,500 m (57,415 ft)",330.0 m/s (1082.7 ft/s)
mig-31-foxhound,https://globalmilitary.net/aircraft/mig-31-foxhound/,MiG-31 Foxhound,"2 (pilot, WSO)",22.7 m (74.4 ft),13.5 m (44.2 ft),6.2 m (20.2 ft),61.6 m² (663.1 sqft),"21,830 kg (48,127 lbs)","46,200 kg (101,853 lbs)","2 × turbofans Soloviev D-30F6 15,500 kgf each",Zvezda K-36DM,3000 km/h (Mach 3.0),"3,000 km (1,864 mi)","20,600 m (67,585 ft)",208.0 m/s (682.4 ft/s)
mig-35,https://globalmilitary.net/aircraft/mig-35/,MiG-35,1–2,17.3 m (56.8 ft),12 m (39.4 ft),4.7 m (15.4 ft),41 m² (441.3 sqft),"11,000 kg (24,251 lbs)","24,500 kg (54,013 lbs)","2 × turbofans Klimov RD-33MK 8,995 kgf each",,2100 km/h (Mach 2.1),"3,000 km (1,864 mi)","16,000 m (52,493 ft)",330.0 m/s (1082.7 ft/s)
mig-9-fargo,https://globalmilitary.net/aircraft/mig-9-fargo/,MiG-9 Fargo,1,9.8 m (32.0 ft),10 m (32.8 ft),3.2 m (10.6 ft),18.2 m² (195.9 sqft),"3,283 kg (7,238 lbs)","4,860 kg (10,714 lbs)",2 × turbojets Tumansky RD-20 800 kgf each,,910 km/h (565 mph),800 km (497 mi),"13,000 m (42,651 ft)",22.0 m/s (72.2 ft/s)
mirage-2000,https://globalmilitary.net/aircraft/mirage-2000/,Mirage 2000,1,14.4 m (47.1 ft),9.1 m (30.0 ft),5.2 m (17.1 ft),41 m² (441.3 sqft),"7,500 kg (16,535 lbs)","17,500 kg (38,581 lbs)","1 × turbofan SNECMA M53-P2 9,697 kgf each",Martin-Baker Mk 10,2336 km/h (Mach 2.34),"3,335 km (2,072 mi)","18,300 m (60,039 ft)",305.0 m/s (1000.7 ft/s)
mirage-4000,https://globalmilitary.net/aircraft/mirage-4000/,Mirage 4000,1,18.7 m (61.4 ft),11.9 m (39.1 ft),6.0 m (19.6 ft),72.7 m² (782.5 sqft),"13,490 kg (29,740 lbs)","32,000 kg (70,548 lbs)","2 × turbofans SNECMA M53-2 11,100 kgf each",Martin-Baker Mk 10,2445 km/h (Mach 2.44),"2,000 km (1,243 mi)","20,000 m (65,617 ft)",305.0 m/s (1000.7 ft/s)
mirage-f1,https://globalmilitary.net/aircraft/mirage-f1/,Mirage F1,1,15.5 m (51.0 ft),8.5 m (27.7 ft),4.6 m (15.0 ft),25 m² (269.1 sqft),"8,024 kg (17,690 lbs)","15,200 kg (33,510 lbs)","1 × turbojet SNECMA Atar 9K-50 7,199 kgf each",Martin-Baker Mk 4,2350 km/h (Mach 2.35),"3,300 km (2,051 mi)","20,000 m (65,617 ft)",242.0 m/s (794.0 ft/s)
mirage-f2-f3,https://globalmilitary.net/aircraft/mirage-f2-f3/,Mirage F2 / F3,"2 (pilot, WSO)",17.6 m (57.7 ft),10.5 m (34.4 ft),5.8 m (19.0 ft),36 m² (387.5 sqft),"9,800 kg (21,605 lbs)","18,000 kg (39,683 lbs)","1 × turbofan Pratt & Whitney TF30 9,072 kgf each",Martin-Baker Mk 4,1650 km/h (Mach 1.65),,"20,000 m (65,617 ft)",
mirage-g,https://globalmilitary.net/aircraft/mirage-g/,Mirage G,1,18.8 m (61.7 ft),15.4 m (50.5 ft),5.4 m (17.6 ft),37 m² (398.3 sqft),"14,740 kg (32,496 lbs)","23,800 kg (52,470 lbs)","2 × turbojets SNECMA Atar 9K50 7,148 kgf each",Martin-Baker Mk 4,2390 km/h (Mach 2.39),"3,850 km (2,392 mi)","18,500 m (60,696 ft)",
mirage-i-md550,https://globalmilitary.net/aircraft/mirage-i-md550/,Mirage I / MD-550 Mystère Delta,1,12.8 m (42.0 ft),7.3 m (24.0 ft),,27.1 m² (291.7 sqft),"3,610 kg (7,959 lbs)","5,150 kg (11,354 lbs)","2 × turbojets Dassault MD-30R 1,960 kgf each",Martin-Baker Mk 4,1700 km/h (Mach 1.7),,"14,600 m (47,900 ft)",
fck-1-ching-kuo,https://globalmilitary.net/aircraft/fck-1-ching-kuo/,F-CK-1 Ching-Kuo,1,14.2 m (46.6 ft),9 m (29.5 ft),4.4 m (14.5 ft),24.2 m² (260.5 sqft),"6,486 kg (14,299 lbs)","12,247 kg (27,000 lbs)","2 × turbofans Honeywell F125-70 5,444 kgf each",Martin-Baker Mk 12,2223 km/h (Mach 2.22),"1,100 km (684 mi)","16,764 m (55,000 ft)",,,
king-air-350,https://globalmilitary.net/aircraft/king-air-350/,King Air 350,1–2,14.2 m (46.7 ft),17.7 m (57.9 ft),4.4 m (14.3 ft),,"4,516 kg (9,956 lbs)","6,804 kg (15,000 lbs)",2 × turboprops Pratt & Whitney Canada PT6A-60A 783 kW each,,578 km/h (359 mph),"3,345 km (2,078 mi)","10,668 m (35,000 ft)",7 hours,,
mirage-iii-5-50,https://globalmilitary.net/aircraft/mirage-iii-5-50/,Mirage III / 5 / 50,1,15.3 m (50.1 ft),8.2 m (27.0 ft),4.5 m (14.8 ft),34.8 m² (374.6 sqft),"6,740 kg (14,859 lbs)","12,000 kg (26,455 lbs)","1 × turbojet SNECMA Atar 9C-3 6,200 kgf each",Martin-Baker SRM-6,2350 km/h (Mach 2.35),"3,335 km (2,072 mi)","17,000 m (55,774 ft)",,83.0 m/s (272.3 ft/s),
mirage-iv,https://globalmilitary.net/aircraft/mirage-iv/,Mirage IV,"2 (pilot, navigator/bombardier)",23.5 m (77.1 ft),11.9 m (38.9 ft),5.4 m (17.7 ft),78 m² (839.6 sqft),"14,500 kg (31,967 lbs)","33,745 kg (74,395 lbs)","2 × turbojets SNECMA Atar 9K 9,400 kgf each",Martin-Baker Mk 4,2340 km/h (Mach 2.34),"4,000 km (2,485 mi)","20,000 m (65,617 ft)",,,
f1-t2,https://globalmilitary.net/aircraft/f1-t2/,Mitsubishi F-1 / T-2,1,17.9 m (58.6 ft),7.9 m (25.9 ft),4.4 m (14.4 ft),21 m² (226.0 sqft),"6,197 kg (13,662 lbs)","12,800 kg (28,219 lbs)","2 × turbojets Ishikawa-Harima TF40-801A 4,272 kgf each",Daiseru-Weber DW-ES-7J,1700 km/h (Mach 1.7),"2,870 km (1,783 mi)","15,240 m (50,000 ft)",,,
mitsubishi-f2,https://globalmilitary.net/aircraft/mitsubishi-f2/,Mitsubishi F-2,,15.5 m (50.9 ft),11.1 m (36.5 ft),4.7 m (15.4 ft),34.8 m² (375.0 sqft),"9,525 kg (20,999 lbs)","22,090 kg (48,700 lbs)","1 × turbofan General Electric F110-GE-129 13,381 kgf each",McDonnell Douglas ACES II,2124 km/h (Mach 2.12),"4,000 km (2,485 mi)","17,983 m (58,999 ft)",,,
mohajer-10,https://globalmilitary.net/aircraft/mohajer-10/,Mohajer-10,,,,,,,,,,210 km/h (130 mph),"2,000 km (1,243 mi)","7,000 m (22,966 ft)",24 hours,,
mohajer-4,https://globalmilitary.net/aircraft/mohajer-4/,Mohajer-4,,3.6 m (11.9 ft),5.3 m (17.4 ft),,,,175 kg (386 lbs),1 × Limbach L550E 37 kW each,,,150 km (93 mi),"5,486 m (17,999 ft)",7 hours,,
mohajer-6,https://globalmilitary.net/aircraft/mohajer-6/,Mohajer-6,,7.5 m (24.6 ft),10 m (32.8 ft),,,450 kg (992 lbs),"670 kg (1,477 lbs)",1 × Rotax 914 86 kW each,,200 km/h (124 mph),"2,400 km (1,491 mi)","7,600 m (24,934 ft)",12 hours,,
cap-10,https://globalmilitary.net/aircraft/cap-10/,Mudry CAP 10,2,7.2 m (23.5 ft),8.1 m (26.4 ft),2.6 m (8.4 ft),10.9 m² (116.8 sqft),"540 kg (1,190 lbs)","760 kg (1,676 lbs)",1 × Lycoming AEIO-360-B2F 134 kW each,,270 km/h (168 mph),"1,200 km (746 mi)","5,000 m (16,404 ft)",,6.0 m/s (19.7 ft/s),
cap-232,https://globalmilitary.net/aircraft/cap-232/,Mudry CAP 232,1,6.8 m (22.1 ft),8.1 m (26.5 ft),1.9 m (6.2 ft),9.9 m² (106.1 sqft),"630 kg (1,389 lbs)","820 kg (1,808 lbs)",1 × Lycoming AEIO-540-L1 B5D 224 kW each,,330 km/h (205 mph),360 km (224 mi),,,16.0 m/s (52.5 ft/s),
mystere-iv,https://globalmilitary.net/aircraft/mystere-iv/,Mystère IV,1,14.8 m (48.6 ft),11.1 m (36.5 ft),4.6 m (15.1 ft),32 m² (344.4 sqft),"7,140 kg (15,741 lbs)","10,320 kg (22,752 lbs)","1 × turbojet Rolls-Royce Avon RA.7R 3,334 kgf each",SNCASO,1120 km/h (Mach 1.12),915 km (569 mi),"13,700 m (44,948 ft)",,95.0 m/s (311.7 ft/s),
ys-11,https://globalmilitary.net/aircraft/ys-11/,NAMC YS-11,,26.3 m (86.3 ft),32 m (105.0 ft),9.0 m (29.5 ft),94.8 m² (1020.7 sqft),"14,600 kg (32,187 lbs)","23,500 kg (51,809 lbs)","2 × turboprops Rolls-Royce Dart Mk.542-10K 2,259 kW each",,470 km/h (292 mph),"2,110 km (1,311 mi)","6,980 m (22,900 ft)",,6.2 m/s (20.3 ft/s),
albatross,https://globalmilitary.net/aircraft/albatross/,NCSIST Albatross,,5.3 m (17.4 ft),8.6 m (28.2 ft),,,,317 kg (699 lbs),,,,180 km (112 mi),"4,000 m (13,123 ft)",12 hours,,
nh-90,https://globalmilitary.net/aircraft/nh-90/,NH90 / Caiman,1–3,19.6 m (64.2 ft),16.3 m (53.5 ft),5.3 m (17.4 ft),,"6,400 kg (14,110 lbs)","10,600 kg (23,369 lbs)","2 × turboshafts Rolls-Royce-Turbomeca RTM322 1,693 kW each",,300 km/h (186 mph),880 km (547 mi),"6,000 m (19,685 ft)",,11.2 m/s (36.7 ft/s),
nagastra-1,https://globalmilitary.net/aircraft/nagastra-1/,Nagastra-1,,,,,,,9 kg (20 lbs),2 × Electric motor,,,40 km (25 mi),"4,500 m (14,764 ft)",1 hours,,
cj-6,https://globalmilitary.net/aircraft/cj-6/,Nanchang CJ-6,2,8.5 m (27.8 ft),10.2 m (33.5 ft),3.3 m (10.8 ft),,"1,095 kg (2,414 lbs)","1,400 kg (3,086 lbs)",1 × Zhouzhou HS-6A radial engine 213 kW each,,300 km/h (186 mph),700 km (435 mi),"6,250 m (20,505 ft)",,,
nesher,https://globalmilitary.net/aircraft/nesher/,Nesher,1,15.7 m (51.3 ft),8.2 m (27.0 ft),4.3 m (13.9 ft),34.8 m² (374.6 sqft),"6,600 kg (14,550 lbs)","13,500 kg (29,762 lbs)",1 × SNECMA Atar 9C,,2573 km/h (Mach 2.57),"1,300 km (808 mi)","17,680 m (58,005 ft)",,83.0 m/s (272.3 ft/s),
nishant,https://globalmilitary.net/aircraft/nishant/,Nishant,,4.6 m (15.1 ft),6.5 m (21.3 ft),,,,380 kg (838 lbs),1 × ALVIS AR-801 41 kW each,,216 km/h (134 mph),100 km (62 mi),"3,962 m (12,999 ft)",4 hours,,
o2-skymaster,https://globalmilitary.net/aircraft/o2-skymaster/,O-2 Skymaster,2,9.1 m (29.8 ft),11.6 m (38.0 ft),2.8 m (9.3 ft),18.8 m² (202.5 sqft),"1,292 kg (2,848 lbs)","2,449 kg (5,399 lbs)",2 × Continental IO-360C/D air-cooled flat-six 160 kW each,,320 km/h (199 mph),"1,710 km (1,063 mi)","6,000 m (19,685 ft)",,6.0 m/s (19.7 ft/s),
oh-1-ninja,https://globalmilitary.net/aircraft/oh-1-ninja/,OH-1 Ninja,2,12 m (39.4 ft),11.6 m (38.1 ft),3.8 m (12.5 ft),,"2,450 kg (5,401 lbs)","4,000 kg (8,818 lbs)",2 × turboshafts Mitsubishi TS1-M-10 664 kW each,,278 km/h (173 mph),550 km (342 mi),"4,880 m (16,010 ft)",,,
oh-58-kiowa,https://globalmilitary.net/aircraft/oh-58-kiowa/,OH-58 Kiowa,2,12.9 m (42.2 ft),10.7 m (35.0 ft),3.9 m (12.9 ft),89.4 m² (962.5 sqft),"1,737 kg (3,829 lbs)","2,495 kg (5,501 lbs)",1 × Rolls-Royce T703-AD-700A 485 kW each,,240 km/h (149 mph),260 km (162 mi),"4,575 m (15,010 ft)",2 hours,,
oh-6-cayuse,https://globalmilitary.net/aircraft/oh-6-cayuse/,OH-6 Cayuse,2,9.2 m (30.3 ft),8.0 m (26.3 ft),2.5 m (8.1 ft),50.6 m² (544.6 sqft),"557 kg (1,228 lbs)","1,225 kg (2,701 lbs)",1 × Allison T63-A-5A 236 kW each,,240 km/h (149 mph),610 km (379 mi),"4,800 m (15,748 ft)",,10.5 m/s (34.4 ft/s),
ov-1-mohawk,https://globalmilitary.net/aircraft/ov-1-mohawk/,OV-1 Mohawk,2,12.5 m (41.0 ft),14.6 m (48.0 ft),3.9 m (12.7 ft),33 m² (355.2 sqft),"5,468 kg (12,055 lbs)","8,214 kg (18,109 lbs)","2 × Lycoming T53-L-701 1,000 kW each",,491 km/h (305 mph),"1,519 km (944 mi)","7,600 m (24,934 ft)",4 hours,17.61 m/s (57.8 ft/s),
ov-10-bronco,https://globalmilitary.net/aircraft/ov-10-bronco/,OV-10 Bronco,"2 (pilot, observer)",12.7 m (41.7 ft),12.2 m (40.0 ft),4.6 m (15.1 ft),88.7 m² (954.7 sqft),"3,261 kg (7,189 lbs)","6,552 kg (14,445 lbs)",2 × turboprops Garrett T76-G-412 776 kW each,North American LW-3B,452 km/h (281 mph),"2,222 km (1,381 mi)","8,780 m (28,806 ft)",,15.3 m/s (50.2 ft/s),
orbiter,https://globalmilitary.net/aircraft/orbiter/,Orbiter,,,4.2 m (13.8 ft),,,,28 kg (62 lbs),1 × electric motor,,130 km/h (81 mph),100 km (62 mi),"5,486 m (17,999 ft)",7 hours,,
orlan-10,https://globalmilitary.net/aircraft/orlan-10/,Orlan-10,,2 m (6.6 ft),3.1 m (10.2 ft),,,9 kg (20 lbs),16 kg (35 lbs),1 × four-stroke piston engine Saito Manufacturing FA-62B,,150 km/h (93 mph),110 km (68 mi),"5,000 m (16,404 ft)",16 hours,,
orlan-30,https://globalmilitary.net/aircraft/orlan-30/,Orlan-30,,,3.9 m (12.8 ft),,,,30 kg (66 lbs),1 × internal combustion piston engine,,150 km/h (93 mph),300 km (186 mi),"3,500 m (11,483 ft)",8 hours,,
p3-orion,https://globalmilitary.net/aircraft/p3-orion/,P-3 Orion,5–21,35.6 m (116.8 ft),30.4 m (99.7 ft),11.8 m (38.7 ft),121 m² (1302.4 sqft),"35,017 kg (77,199 lbs)","64,410 kg (142,000 lbs)","4 × turboprops Allison T56-A-14 3,430 kW each",,750 km/h (466 mph),"2,491 km (1,548 mi)","8,626 m (28,301 ft)",12 hours,16.0 m/s (52.5 ft/s),
p8-poseidon,https://globalmilitary.net/aircraft/p8-poseidon/,P-8 Poseidon,"9 (2 flight crew, 7 mission crew)",39.5 m (129.5 ft),37.6 m (123.5 ft),12.8 m (42.1 ft),,"62,730 kg (138,296 lbs)","85,820 kg (189,200 lbs)",2 × CFM56-7B27A 121 kN each,,907 km/h (564 mph),"2,225 km (1,383 mi)","12,500 m (41,011 ft)",,,
p180-avanti,https://globalmilitary.net/aircraft/p180-avanti/,P180 Avanti,,14.4 m (47.3 ft),14.0 m (46.0 ft),4.0 m (13.1 ft),16 m² (172.2 sqft),"3,402 kg (7,500 lbs)","5,489 kg (12,101 lbs)",2 × turboprops Pratt & Whitney Canada PT6A-66B 634 kW each,,732 km/h (455 mph),"2,800 km (1,740 mi)","12,500 m (41,011 ft)",,14.1 m/s (46.3 ft/s),"869 m (2,851 ft)"
pa-31-navajo,https://globalmilitary.net/aircraft/pa-31-navajo/,PA-31 Navajo,,9.9 m (32.6 ft),12.4 m (40.8 ft),4.0 m (13.0 ft),21 m² (226.0 sqft),"1,783 kg (3,931 lbs)","2,948 kg (6,499 lbs)",2 × pistons engine Lycoming TIO-540-A 231 kW each,,420 km/h (261 mph),"1,875 km (1,165 mi)","8,016 m (26,299 ft)",,7.3 m/s (24.0 ft/s),
pa-32-cherokee-six,https://globalmilitary.net/aircraft/pa-32-cherokee-six/,PA-32 Cherokee Six,1,7.1 m (23.3 ft),9 m (29.5 ft),2.2 m (7.3 ft),15 m² (161.5 sqft),"545 kg (1,202 lbs)","975 kg (2,150 lbs)",1 × pistons engine Lycoming O-320-E2A 112 kW each,,228 km/h (142 mph),"1,361 km (846 mi)","4,359 m (14,301 ft)",5 hours,3.4 m/s (11.2 ft/s),
pa-34-seneca,https://globalmilitary.net/aircraft/pa-34-seneca/,PA-34 Seneca,,8.7 m (28.6 ft),11.9 m (38.9 ft),3.0 m (9.9 ft),19.4 m² (208.7 sqft),"1,457 kg (3,212 lbs)","2,155 kg (4,751 lbs)",2 × pistons engine Continental TSIO-360RB 164 kW each,,378 km/h (235 mph),"1,611 km (1,001 mi)","7,620 m (25,000 ft)",,7.87 m/s (25.8 ft/s),
pa-44-seminole,https://globalmilitary.net/aircraft/pa-44-seminole/,PA-44 Seminole,1,8.4 m (27.6 ft),11.8 m (38.6 ft),2.6 m (8.5 ft),17.1 m² (183.8 sqft),"1,068 kg (2,355 lbs)","1,724 kg (3,801 lbs)",2 × Lycoming O-360-E1A6 air-cooled flat four 130 kW each,,311 km/h (193 mph),"1,695 km (1,053 mi)","5,200 m (17,060 ft)",,6.8 m/s (22.3 ft/s),
pc-12-eagle,https://globalmilitary.net/aircraft/pc-12-eagle/,PC-12 Eagle,,,16.3 m (53.4 ft),,,"2,810 kg (6,195 lbs)",,,,528 km/h (328 mph),"3,417 km (2,123 mi)","9,144 m (30,000 ft)",,9.8 m/s (32.2 ft/s),
pc-6-porter,https://globalmilitary.net/aircraft/pc-6-porter/,PC-6 Porter,1,10.9 m (35.8 ft),15.9 m (52.1 ft),3.2 m (10.5 ft),30.2 m² (324.5 sqft),"1,260 kg (2,778 lbs)","2,800 kg (6,173 lbs)",1 × turboprop Pratt & Whitney Canada PT6A-27 410 kW each,,244 km/h (152 mph),730 km (454 mi),"10,000 m (32,808 ft)",,5.13 m/s (16.8 ft/s),152 m (499 ft)
pc-7-turbo-trainer,https://globalmilitary.net/aircraft/pc-7-turbo-trainer/,PC-7 Turbo Trainer,2,9.8 m (32.1 ft),10.4 m (34.1 ft),3.2 m (10.5 ft),16.6 m² (178.7 sqft),"1,330 kg (2,932 lbs)","2,700 kg (5,952 lbs)",1 × turboprop Pratt & Whitney Canada PT6A-25A 410 kW each,,412 km/h (256 mph),"1,200 km (746 mi)","10,060 m (33,005 ft)",4 hours,10.9 m/s (35.8 ft/s),
pd-2,https://globalmilitary.net/aircraft/pd-2/,PD-2,,2.9 m (9.4 ft),5 m (16.4 ft),1.0 m (3.3 ft),,45 kg (99 lbs),55 kg (121 lbs),1 × 100 cc 4-stroke gasoline engine,,140 km/h (87 mph),"1,300 km (808 mi)","3,800 m (12,467 ft)",8 hours,,
pz-130-orlik,https://globalmilitary.net/aircraft/pz-130-orlik/,PZL-130 Orlik,,9.3 m (30.5 ft),10 m (32.8 ft),3.5 m (11.6 ft),14.6 m² (156.7 sqft),"1,825 kg (4,023 lbs)","2,950 kg (6,504 lbs)",1 × turboprop Pratt & Whitney Canada PT6A-25C 559 kW each,Martin-Baker Mk 11,550 km/h (342 mph),"2,200 km (1,367 mi)","10,000 m (32,808 ft)",,14.4 m/s (47.2 ft/s),
p750,https://globalmilitary.net/aircraft/p750/,Pacific Aerospace P750,1,11.1 m (36.5 ft),12.8 m (42.0 ft),3.9 m (12.7 ft),24.9 m² (267.8 sqft),"1,633 kg (3,600 lbs)","3,402 kg (7,500 lbs)",1 × Pratt & Whitney Canada PT6 A-34 turboprop 560 kW each,,315 km/h (196 mph),"2,183 km (1,356 mi)","6,096 m (20,000 ft)",8 hours,5.42 m/s (17.8 ft/s),
palianytsia,https://globalmilitary.net/aircraft/palianytsia/,Palianytsia,,3.5 m (11.5 ft),1.7 m (5.6 ft),,,,320 kg (705 lbs),1 × turbojet Ivchenko-Progress/PBS AI-PBS-350 347 kgf each,,900 km/h (559 mph),650 km (404 mi),"500 m (1,640 ft)",,,
pe-2-buck,https://globalmilitary.net/aircraft/pe-2-buck/,Pe-2 Buck,3,12.7 m (41.5 ft),17.2 m (56.3 ft),3.4 m (11.2 ft),40.5 m² (435.9 sqft),"5,950 kg (13,117 lbs)","8,520 kg (18,783 lbs)",2 × V12 piston engines Klimov M-105RA 820 kW each,,540 km/h (336 mph),"1,315 km (817 mi)","8,800 m (28,871 ft)",,13.3 m/s (43.6 ft/s),
pegasus-ii,https://globalmilitary.net/aircraft/pegasus-ii/,Pegasus II,,4.3 m (14.1 ft),6.2 m (20.3 ft),,,,250 kg (551 lbs),1 × Zanzottera 498 PRO-B 28 kW each,,194 km/h (121 mph),,"3,658 m (12,001 ft)",15 hours,,
phenom-100,https://globalmilitary.net/aircraft/phenom-100/,Phenom 100,,12.8 m (42.0 ft),12.3 m (40.4 ft),4.4 m (14.4 ft),,"3,235 kg (7,132 lbs)","4,750 kg (10,472 lbs)",2 × turbofans Pratt & Whitney Canada PW617F-E 769 kgf each,,722 km/h (449 mph),"2,182 km (1,356 mi)","12,497 m (41,001 ft)",,,
pc-21,https://globalmilitary.net/aircraft/pc-21/,Pilatus PC-21,,11.2 m (36.8 ft),9.1 m (29.9 ft),3.8 m (12.3 ft),15.2 m² (163.8 sqft),"2,270 kg (5,004 lbs)","4,250 kg (9,370 lbs)","1 × turboprop Pratt & Whitney Canada PT6A-68B 1,193 kW each",Martin-Baker Mk 16,685 km/h (426 mph),"1,333 km (828 mi)","11,580 m (37,992 ft)",,20.32 m/s (66.7 ft/s),
pc-24,https://globalmilitary.net/aircraft/pc-24/,Pilatus PC-24,,16.8 m (55.1 ft),17 m (55.8 ft),5.3 m (17.4 ft),30.9 m² (332.7 sqft),"4,967 kg (10,950 lbs)","8,005 kg (17,648 lbs)","2 × turbofans Williams FJ44-4A 1,529 kgf each",,787 km/h (489 mph),"3,700 km (2,299 mi)","13,716 m (45,000 ft)",,20.7 m/s (67.9 ft/s),"820 m (2,690 ft)"
pc-9,https://globalmilitary.net/aircraft/pc-9/,Pilatus PC-9,,10.2 m (33.4 ft),10.2 m (33.4 ft),3.3 m (10.7 ft),16.3 m² (175.2 sqft),"1,781 kg (3,926 lbs)","3,200 kg (7,055 lbs)",1 × turboprop Pratt & Whitney Canada PT6A-62 708 kW each,Martin-Baker Mk 11,593 km/h (368 mph),"1,537 km (955 mi)","11,600 m (38,058 ft)",,19.7 m/s (64.6 ft/s),"396 m (1,299 ft)"
virus-sw80,https://globalmilitary.net/aircraft/virus-sw80/,Pipistrel Virus SW80,1,6.5 m (21.3 ft),10.7 m (35.1 ft),1.9 m (6.1 ft),9.5 m² (102.4 sqft),289 kg (637 lbs),"600 kg (1,323 lbs)",1 × Rotax 912 UL 60 kW each,,283 km/h (176 mph),"1,450 km (901 mi)","6,800 m (22,310 ft)",5 hours,8.4 m/s (27.6 ft/s),
po-2-mule,https://globalmilitary.net/aircraft/po-2-mule/,Po-2 Mule,2,8.2 m (26.8 ft),11.4 m (37.4 ft),3.1 m (10.2 ft),33.2 m² (357.4 sqft),"770 kg (1,698 lbs)","1,350 kg (2,976 lbs)",1 × radial piston engine Shvetsov M-11D 93 kW each,,152 km/h (94 mph),630 km (391 mi),"3,000 m (9,843 ft)",,2.78 m/s (9.1 ft/s),
prachand,https://globalmilitary.net/aircraft/prachand/,Prachand,15.8 m (51.8 ft),13.2 m (43.3 ft),4.4 m (14.4 ft),"2,250 kg (4,960 lbs)","5,800 kg (12,787 lbs)","2 × turboshafts HAL-Turbomeca Shakti 1,068 kW each",280 km/h (174 mph),700 km (435 mi),"6,500 m (21,325 ft)",12.0 m/s (39.4 ft/s),,,,,
q5-a5-fantan,https://globalmilitary.net/aircraft/q5-a5-fantan/,Q-5 / A-5 Fantan,15.7 m (51.3 ft),9.7 m (31.8 ft),4.3 m (14.2 ft),"6,400 kg (14,110 lbs)","11,300 kg (24,912 lbs)","2 × turbojets Shenyang WP-6A 3,750 kgf each",1210 km/h (Mach 1.21),"2,000 km (1,243 mi)","16,500 m (54,134 ft)",18.6 m/s (61.0 ft/s),1,27.9 m² (300.3 sqft),HTY-1,,
qh-50-dash,https://globalmilitary.net/aircraft/qh-50-dash/,QH-50 DASH,3.9 m (12.9 ft),6.1 m (20.0 ft),3.0 m (9.7 ft),"523 kg (1,153 lbs)","1,036 kg (2,284 lbs)",1 × Boeing T50-BO-8A turboshaft 220 kW each,148 km/h (92 mph),132 km (82 mi),"5,000 m (16,404 ft)",9.6 m/s (31.5 ft/s),,,,1 hours,
kodiak,https://globalmilitary.net/aircraft/kodiak/,Quest Kodiak,,13.7 m (45.0 ft),,"1,710 kg (3,770 lbs)",,,339 km/h (211 mph),"2,096 km (1,302 mi)","7,620 m (25,000 ft)",7.0 m/s (23.0 ft/s),,,,,
r4,https://globalmilitary.net/aircraft/r4/,R-4,10.8 m (35.4 ft),11.6 m (38.1 ft),3.8 m (12.5 ft),"950 kg (2,094 lbs)","1,150 kg (2,535 lbs)",,121 km/h (75 mph),210 km (130 mi),"2,400 m (7,874 ft)",,1,,,,
r-99-erieye,https://globalmilitary.net/aircraft/r-99-erieye/,R-99 Erieye,29.9 m (98.0 ft),20.0 m (65.7 ft),6.8 m (22.2 ft),"12,591 kg (27,758 lbs)","24,100 kg (53,131 lbs)",2 × Rolls-Royce AE 3007 40 kN each,833 km/h (518 mph),"3,000 km (1,864 mi)","11,278 m (37,001 ft)",,"7 (2 flight crew, 5 mission operators)",51.2 m² (550.9 sqft),,8 hours,
rc-135-rivet-joint,https://globalmilitary.net/aircraft/rc-135-rivet-joint/,RC-135 Rivet Joint,,39.9 m (130.8 ft),,"56,245 kg (123,999 lbs)",,,933 km/h (580 mph),"5,552 km (3,450 mi)","15,240 m (50,000 ft)",24.9 m/s (81.7 ft/s),,,,12 hours,
rq-101,https://globalmilitary.net/aircraft/rq-101/,RQ-101 Night Intruder,4.7 m (15.4 ft),6.4 m (21.0 ft),1.5 m (4.9 ft),,290 kg (639 lbs),1 × propeller engine 39 kW each,185 km/h (115 mph),200 km (124 mi),"4,500 m (14,764 ft)",,,,,6 hours,
rq-11-raven,https://globalmilitary.net/aircraft/rq-11-raven/,RQ-11 Raven,0.9 m (3.0 ft),1.4 m (4.5 ft),,2 kg (4 lbs),2 kg (4 lbs),1 × Electric motor,95 km/h (59 mph),10 km (6 mi),"4,500 m (14,764 ft)",,,,,2 hours,
rq-16-t-hawk,https://globalmilitary.net/aircraft/rq-16-t-hawk/,RQ-16 T-Hawk,,,,,8 kg (18 lbs),1 × 3W-Modellmotoren 3W-56 56cc Boxer Twin piston engine 3 kW each,130 km/h (81 mph),11 km (7 mi),"3,200 m (10,499 ft)",,,,,,
rq-170-sentinel,https://globalmilitary.net/aircraft/rq-170-sentinel/,RQ-170 Sentinel,4.8 m (15.7 ft),20 m (65.6 ft),,,,1 × Single jet engine,,,"15,240 m (50,000 ft)",,,,,6 hours,
rq-180,https://globalmilitary.net/aircraft/rq-180/,RQ-180,,40 m (131.2 ft),,,,,,"22,000 km (13,670 mi)","18,000 m (59,055 ft)",,,,,24 hours,
rq-2-pioneer,https://globalmilitary.net/aircraft/rq-2-pioneer/,RQ-2 Pioneer,4.3 m (14.1 ft),5.2 m (16.9 ft),1.0 m (3.3 ft),,205 kg (452 lbs),1 × ZF Sachs 2-stroke 2-cylinder horizontally-opposed piston engine 19 kW each,,185 km (115 mi),"4,600 m (15,092 ft)",,,,,5 hours,
rq-20-puma,https://globalmilitary.net/aircraft/rq-20-puma/,RQ-20 Puma,1.4 m (4.6 ft),2.8 m (9.2 ft),,6 kg (13 lbs),6 kg (13 lbs),,83 km/h (52 mph),15 km (9 mi),"3,200 m (10,499 ft)",,,,,2 hours,
rq-21-blackjack,https://globalmilitary.net/aircraft/rq-21-blackjack/,RQ-21 Blackjack,2.5 m (8.2 ft),4.9 m (16.1 ft),,37 kg (82 lbs),61 kg (134 lbs),1 × EFI Piston Engine 6 kW each,170 km/h (106 mph),93 km (58 mi),"5,900 m (19,357 ft)",,,,,16 hours,
rq-4-global-hawk,https://globalmilitary.net/aircraft/rq-4-global-hawk/,RQ-4 Global Hawk,14.5 m (47.6 ft),39.9 m (130.9 ft),,"8,620 kg (19,004 lbs)","14,628 kg (32,249 lbs)",1 × Rolls-Royce AE3007H turbofan engine,629 km/h (391 mph),"22,800 km (14,167 mi)","18,000 m (59,055 ft)",,,,,32 hours,
rq-5-hunter,https://globalmilitary.net/aircraft/rq-5-hunter/,RQ-5 Hunter,7.0 m (23.0 ft),10.6 m (34.7 ft),1.9 m (6.2 ft),,"885 kg (1,951 lbs)",2 × Mercedes HFE Diesel 42 kW each,170 km/h (106 mph),125 km (78 mi),"5,500 m (18,045 ft)",,,,,21 hours,
rq-7-shadow,https://globalmilitary.net/aircraft/rq-7-shadow/,RQ-7 Shadow,3.4 m (11.2 ft),3.9 m (12.8 ft),,86 kg (190 lbs),170 kg (375 lbs),1 × AR741-1101 Wankel engine,200 km/h (124 mph),109 km (68 mi),"4,600 m (15,092 ft)",,,,,9 hours,
ranger,https://globalmilitary.net/aircraft/ranger/,RUAG Ranger,4.6 m (15.1 ft),5.7 m (18.7 ft),1.1 m (3.7 ft),,285 kg (628 lbs),1 × 2 cylinder 2 stroke 31 kW each,220 km/h (137 mph),100 km (62 mi),"4,500 m (14,764 ft)",,,,,9 hours,
rafale,https://globalmilitary.net/aircraft/rafale/,Rafale,15.3 m (50.1 ft),10.9 m (35.8 ft),5.3 m (17.5 ft),"9,850 kg (21,716 lbs)","24,500 kg (54,013 lbs)","2 × turbofans SNECMA M88-2 7,648 kgf each",1912 km/h (Mach 1.91),"3,700 km (2,299 mi)","15,835 m (51,952 ft)",305.0 m/s (1000.7 ft/s),1,45.7 m² (491.9 sqft),Martin-Baker Mk F16F,,"400 m (1,312 ft)"
r22,https://globalmilitary.net/aircraft/r22/,Robinson R22,8.8 m (28.8 ft),7.7 m (25.2 ft),2.5 m (8.1 ft),361 kg (796 lbs),"621 kg (1,369 lbs)",1 × radial engine Lycoming O-320-A2B 93 kW each,188 km/h (117 mph),387 km (240 mi),"4,267 m (13,999 ft)",6.1 m/s (20.0 ft/s),1,,,,
r44-raven,https://globalmilitary.net/aircraft/r44-raven/,Robinson R44 Raven,11.7 m (38.3 ft),10 m (32.8 ft),3.3 m (10.8 ft),"683 kg (1,506 lbs)","1,134 kg (2,500 lbs)",1 × Lycoming IO-540-AE1A5 6-cylinder pistons engine 183 kW each,240 km/h (149 mph),560 km (348 mi),"4,300 m (14,108 ft)",,2,,,,
s100-camcopter,https://globalmilitary.net/aircraft/s100-camcopter/,S-100 Camcopter,3.1 m (10.2 ft),3.4 m (11.2 ft),,110 kg (243 lbs),200 kg (441 lbs),1 × Diamond Engines AE50R rotary engine,220 km/h (137 mph),180 km (112 mi),"5,486 m (17,999 ft)",,,,,6 hours,
s2-tracker,https://globalmilitary.net/aircraft/s2-tracker/,S-2 Tracker,13.3 m (43.6 ft),22.2 m (72.7 ft),5.4 m (17.6 ft),"8,308 kg (18,316 lbs)","11,860 kg (26,147 lbs)","2 × radial engine Wright R-1820-82WA 1,137 kW each",450 km/h (280 mph),"2,172 km (1,350 mi)","6,706 m (22,001 ft)",,,45 m² (484.4 sqft),,9 hours,
s3-viking,https://globalmilitary.net/aircraft/s3-viking/,S-3 Viking,16.3 m (53.4 ft),21.0 m (68.8 ft),7.0 m (22.9 ft),"12,057 kg (26,581 lbs)","23,831 kg (52,538 lbs)","2 × turbofans General Electric TF34-GE-2 4,207 kgf each",815 km/h (506 mph),"5,121 km (3,182 mi)","12,466 m (40,899 ft)",26.0 m/s (85.3 ft/s),4,56 m² (602.8 sqft),Escapac E-1,7 hours,
s-70-okhotnik,https://globalmilitary.net/aircraft/s-70-okhotnik/,S-70 Okhotnik,,20 m (65.6 ft),,"10,000 kg (22,046 lbs)","25,000 kg (55,115 lbs)",1 × AL-41F derivative,1000 km/h (Mach 1.0),"6,000 km (3,728 mi)","18,000 m (59,055 ft)",,,,,24 hours,
s76-spirit,https://globalmilitary.net/aircraft/s76-spirit/,S-76 Spirit,16.0 m (52.6 ft),13.4 m (44.0 ft),4.5 m (14.6 ft),"3,177 kg (7,004 lbs)","5,307 kg (11,700 lbs)",2 × turboshafts Turbomeca Arriel 2S2 688 kW each,287 km/h (178 mph),761 km (473 mi),"4,206 m (13,799 ft)",,2,,,,
s92-superhawk,https://globalmilitary.net/aircraft/s92-superhawk/,S-92 Superhawk,,17.2 m (56.3 ft),,"7,031 kg (15,501 lbs)",,,306 km/h (190 mph),850 km (528 mi),"4,267 m (13,999 ft)",,,,,,
s-333,https://globalmilitary.net/aircraft/s-333/,S330 / S333,9.5 m (31.2 ft),8.4 m (27.5 ft),3.4 m (11.0 ft),"549 kg (1,210 lbs)","1,157 kg (2,551 lbs)",1 × Rolls-Royce M250-C20W turboshaft engine 213 kW each,194 km/h (121 mph),590 km (367 mi),"3,962 m (12,999 ft)",7.0 m/s (23.0 ft/s),1,55.2 m² (594.2 sqft),,,
sa-315-lama,https://globalmilitary.net/aircraft/sa-315-lama/,SA 315B Lama,10.2 m (33.6 ft),11.0 m (36.2 ft),3.1 m (10.1 ft),"1,021 kg (2,251 lbs)","2,300 kg (5,071 lbs)",1 × Turbomeca Artouste IIIB turboshaft 649 kW each,192 km/h (119 mph),515 km (320 mi),"5,400 m (17,717 ft)",5.5 m/s (18.0 ft/s),1,95.4 m² (1026.7 sqft),,,
sa-315-alouette-ii,https://globalmilitary.net/aircraft/sa-315-alouette-ii/,SA315 Alouette II,9.7 m (31.7 ft),10.2 m (33.5 ft),2.8 m (9.0 ft),"895 kg (1,973 lbs)","1,600 kg (3,527 lbs)",1 × turboshaft Turbomeca Artouste IIC6 343 kW each,192 km/h (119 mph),565 km (351 mi),"2,300 m (7,546 ft)",4.2 m/s (13.8 ft/s),,,,,
sa-316-alouette-iii,https://globalmilitary.net/aircraft/sa-316-alouette-iii/,SA316 Alouette III,10.0 m (32.9 ft),11 m (36.1 ft),3 m (9.8 ft),"1,143 kg (2,520 lbs)","2,200 kg (4,850 lbs)",1 × turboshaft Turbomeca Artouste IIIB 713 kW each,210 km/h (130 mph),540 km (336 mi),"3,200 m (10,499 ft)",4.3 m/s (14.1 ft/s),1,,,,
super-frelon,https://globalmilitary.net/aircraft/super-frelon/,SA321 Super Frelon,23.0 m (75.6 ft),18.9 m (62.0 ft),6.7 m (21.9 ft),"6,865 kg (15,135 lbs)","13,000 kg (28,660 lbs)","3 × turboshafts Turbomeca Turmo IIIC3 1,155 kW each",275 km/h (171 mph),"1,020 km (634 mi)","3,100 m (10,171 ft)",5.0 m/s (16.4 ft/s),2,,,,
sa-330-puma,https://globalmilitary.net/aircraft/sa-330-puma/,SA330 Puma,18.2 m (59.5 ft),15 m (49.2 ft),5.1 m (16.9 ft),"3,536 kg (7,796 lbs)","7,000 kg (15,432 lbs)","2 × turboshafts Turbomeca Turmo IVC 1,175 kW each",257 km/h (160 mph),580 km (360 mi),"4,800 m (15,748 ft)",7.1 m/s (23.3 ft/s),3,,,,
sa-340-gazelle,https://globalmilitary.net/aircraft/sa-340-gazelle/,SA340 Gazelle,11.9 m (39.1 ft),10.5 m (34.4 ft),3.2 m (10.5 ft),"1,009 kg (2,224 lbs)","2,100 kg (4,630 lbs)",1 × turboshaft Turbomeca Astazou XIVH 650 kW each,310 km/h (193 mph),361 km (224 mi),"4,450 m (14,600 ft)",7.7 m/s (25.3 ft/s),2,,,,
saab-105,https://globalmilitary.net/aircraft/saab-105/,SAAB 105,10.8 m (35.4 ft),9.5 m (31.2 ft),2.7 m (8.9 ft),"2,849 kg (6,281 lbs)","4,635 kg (10,218 lbs)","2 × turbojets General Electric J85-GE-17B 1,293 kgf each",970 km/h (603 mph),"2,300 km (1,429 mi)","13,700 m (44,948 ft)",,,16.3 m² (175.5 sqft),,,
sh-2-seasprite,https://globalmilitary.net/aircraft/sh-2-seasprite/,SH-2 Seasprite,16.1 m (52.9 ft),13.4 m (44.0 ft),4.6 m (15.0 ft),"4,173 kg (9,200 lbs)",,"2 × turboshafts General Electric T700-GE-401C 1,342 kW each",256 km/h (159 mph),680 km (423 mi),"5,486 m (17,999 ft)",12.7 m/s (41.7 ft/s),3,,,,
sh-3-sea-king,https://globalmilitary.net/aircraft/sh-3-sea-king/,SH-3 Sea King,16.7 m (54.8 ft),19 m (62.3 ft),5.1 m (16.8 ft),"5,382 kg (11,865 lbs)","10,002 kg (22,051 lbs)","2 × turboshafts General Electric T58-GE-10 1,044 kW each",267 km/h (166 mph),"1,005 km (624 mi)","4,481 m (14,701 ft)",11.1 m/s (36.4 ft/s),3,,,,
sh-5,https://globalmilitary.net/aircraft/sh-5/,SH-5,38.9 m (127.6 ft),36 m (118.1 ft),9.8 m (32.2 ft),"26,500 kg (58,422 lbs)","45,000 kg (99,208 lbs)","4 × turboprops Dongan WJ5A 2,349 kW each",556 km/h (345 mph),"4,756 km (2,955 mi)","10,250 m (33,629 ft)",9.0 m/s (29.5 ft/s),,144 m² (1550.0 sqft),,15 hours,
sh-60-seahawk,https://globalmilitary.net/aircraft/sh-60-seahawk/,SH-60 Seahawk,19.7 m (64.7 ft),16.4 m (53.7 ft),5.2 m (17.2 ft),"6,895 kg (15,201 lbs)","9,926 kg (21,883 lbs)","2 × General Electric T700-GE-401C 1,410 kW each",270 km/h (168 mph),830 km (516 mi),"3,700 m (12,139 ft)",8.4 m/s (27.6 ft/s),3–4,210.2 m² (2262.2 sqft),,,
sf-260,https://globalmilitary.net/aircraft/sf-260/,SIAI-Marchetti SF-260,7.1 m (23.3 ft),8.4 m (27.4 ft),2.4 m (7.9 ft),"770 kg (1,698 lbs)","1,300 kg (2,866 lbs)",1 × pistons engine Lycoming O-540-E4A5 194 kW each,333 km/h (207 mph),"1,650 km (1,025 mi)","4,500 m (14,764 ft)",6.3 m/s (20.7 ft/s),,10.1 m² (108.7 sqft),,,
sm-1019,https://globalmilitary.net/aircraft/sm-1019/,SIAI-Marchetti SM.1019,8.5 m (28.0 ft),11.0 m (36.0 ft),2.9 m (9.4 ft),"690 kg (1,521 lbs)","1,450 kg (3,197 lbs)",1 × Allison Model 250-B17B turboprop engine 298 kW each,300 km/h (186 mph),"1,090 km (677 mi)","7,620 m (25,000 ft)",9.18 m/s (30.1 ft/s),2,16.2 m² (173.9 sqft),,6 hours,
sirtap,https://globalmilitary.net/aircraft/sirtap/,SIRTAP,7.3 m (24.0 ft),12 m (39.4 ft),2.2 m (7.2 ft),,"750 kg (1,653 lbs)",1 × four-stroke piston engine,204 km/h (127 mph),"2,000 km (1,243 mi)","6,400 m (20,997 ft)",,,,,20 hours,
so-4050-vautour,https://globalmilitary.net/aircraft/so-4050-vautour/,SO 4050 Vautour,15.6 m (51.1 ft),15.1 m (49.5 ft),4.9 m (16.2 ft),"10,000 kg (22,046 lbs)","21,000 kg (46,297 lbs)","2 × SNECMA Atar 101E-3 turbojet engines 7,400 kgf each",1106 km/h (Mach 1.11),"5,400 km (3,355 mi)","15,200 m (49,869 ft)",60.0 m/s (196.9 ft/s),1,45 m² (484.4 sqft),Dassault E-101,,
sr-71-blackbird,https://globalmilitary.net/aircraft/sr-71-blackbird/,SR-71 Blackbird,32.8 m (107.5 ft),17.0 m (55.7 ft),5.7 m (18.6 ft),"30,617 kg (67,499 lbs)","78,018 kg (172,000 lbs)","2 × turbojets Pratt & Whitney J58-P4 15,422 kgf each",3541 km/h (Mach 3.54),"5,230 km (3,250 mi)","25,908 m (85,000 ft)",60.0 m/s (196.9 ft/s),"2 (pilot, reconnaissance systems officer)",167 m² (1797.6 sqft),Lockheed SR-1,2 hours,
sw-4-puszczyk,https://globalmilitary.net/aircraft/sw-4-puszczyk/,SW-4 Puszczyk,10.6 m (34.7 ft),9 m (29.5 ft),3.1 m (10.0 ft),"1,050 kg (2,315 lbs)","1,800 kg (3,968 lbs)",1 × turboprop Rolls-Royce 250-C20R2 336 kW each,260 km/h (162 mph),790 km (491 mi),"5,200 m (17,060 ft)",10.3 m/s (33.8 ft/s),1,,,,
saab-340,https://globalmilitary.net/aircraft/saab-340/,Saab 340 AEW&C,20.6 m (67.5 ft),21.4 m (70.3 ft),7.0 m (22.9 ft),"10,300 kg (22,708 lbs)","13,155 kg (29,002 lbs)","2 × General Electric CT7-9B 1,390 kW each",522 km/h (324 mph),"1,300 km (808 mi)","7,620 m (25,000 ft)",10.2 m/s (33.5 ft/s),6,42 m² (452.1 sqft),,5 hours,
saegheh,https://globalmilitary.net/aircraft/saegheh/,Saegheh,2.7 m (8.9 ft),7.3 m (24.0 ft),,,"500 kg (1,102 lbs)",,350 km/h (217 mph),"1,500 km (932 mi)","7,620 m (25,000 ft)",,,,,4 hours,
hesa-saeqeh,https://globalmilitary.net/aircraft/hesa-saeqeh/,Saeqeh,,,,,,2 × General Electric J85,,"3,000 km (1,864 mi)",,,1,,,,
patroller,https://globalmilitary.net/aircraft/patroller/,Safran Patroller,8.5 m (27.9 ft),18 m (59.1 ft),,,,1 × Rotax 914F,314 km/h (195 mph),200 km (124 mi),"7,620 m (25,000 ft)",,,,,30 hours,
samad,https://globalmilitary.net/aircraft/samad/,Samad,2.8 m (9.2 ft),4.5 m (14.8 ft),1 × piston engine 3W110i B2 or DLE 170,"1,500 km (932 mi)",,,,,,,,,,,
scaneagle,https://globalmilitary.net/aircraft/scaneagle/,ScanEagle,1.6 m (5.1 ft),3.1 m (10.2 ft),"1 × 2-stroke, 1.9-horsepower gasoline engine 1 kW each",100 km (62 mi),13 kg (29 lbs),22 kg (49 lbs),148 km/h (92 mph),20 hours,"5,944 m (19,501 ft)",,,,,,
bulldog,https://globalmilitary.net/aircraft/bulldog/,Scottish Aviation Bulldog,7.1 m (23.2 ft),10.1 m (33.2 ft),1 × pistons engine Lycoming IO-360-A1B6 149 kW each,"1,000 km (621 mi)","649 kg (1,431 lbs)","1,066 kg (2,350 lbs)",241 km/h (150 mph),,"4,877 m (16,001 ft)",2.7 m (9.0 ft),12 m² (129.2 sqft),5.3 m/s (17.4 ft/s),,,
sea-harrier,https://globalmilitary.net/aircraft/sea-harrier/,Sea Harrier,14.2 m (46.5 ft),7.7 m (25.3 ft),1 × Rolls-Royce Pegasus 106 96 kN each,"3,222 km (2,002 mi)","6,616 kg (14,586 lbs)","11,884 kg (26,200 lbs)",1145 km/h (Mach 1.15),,"16,000 m (52,493 ft)",3.7 m (12.2 ft),18.7 m² (201.1 sqft),250.0 m/s (820.2 ft/s),1,,
shahed-129,https://globalmilitary.net/aircraft/shahed-129/,Shahed 129,8 m (26.2 ft),16 m (52.5 ft),1 × Rotax 914 75 kW each,"1,700 km (1,056 mi)",,,175 km/h (109 mph),24 hours,"7,300 m (23,950 ft)",3.1 m (10.2 ft),,,,,
shahed-131,https://globalmilitary.net/aircraft/shahed-131/,Shahed 131,2.6 m (8.5 ft),2.2 m (7.2 ft),1 × Serat-1 Wankel engine 38 hp each,900 km (559 mi),,135 kg (298 lbs),185 km/h (115 mph),,,,,,,,
shahed-136,https://globalmilitary.net/aircraft/shahed-136/,Shahed 136,3.5 m (11.5 ft),2.5 m (8.2 ft),1 × Mado MD-550 37 kW each,"2,500 km (1,553 mi)",,200 kg (441 lbs),185 km/h (115 mph),,"4,000 m (13,123 ft)",,,,,,
shahed-238,https://globalmilitary.net/aircraft/shahed-238/,Shahed 238,,,1 × Toloue-10,,,,600 km/h (373 mph),,,,,,,,
shahed-101,https://globalmilitary.net/aircraft/shahed-101/,Shahed-101,2.5 m (8.2 ft),3 m (9.8 ft),1 × piston engine,900 km (559 mi),,45 kg (99 lbs),200 km/h (124 mph),,"3,000 m (9,843 ft)",,,,,,
shahed-107,https://globalmilitary.net/aircraft/shahed-107/,Shahed-107,1.6 m (5.2 ft),2.5 m (8.2 ft),1 × piston engine DLE 111,300 km (186 mi),,26 kg (57 lbs),,,,,,,,,
shahed-149-gaza,https://globalmilitary.net/aircraft/shahed-149-gaza/,Shahed-149 Gaza,10 m (32.8 ft),21 m (68.9 ft),1 × Turboprop engine,"7,000 km (4,350 mi)",,"3,200 kg (7,055 lbs)",340 km/h (211 mph),24 hours,"11,000 m (36,089 ft)",3.2 m (10.5 ft),,,,,
shahed-171-simorgh,https://globalmilitary.net/aircraft/shahed-171-simorgh/,Shahed-171 Simorgh,,,,,,,,,,,,,,,
shahpar,https://globalmilitary.net/aircraft/shahpar/,Shahpar,4.2 m (13.8 ft),6.6 m (21.7 ft),,250 km (155 mi),,"480 kg (1,058 lbs)",150 km/h (93 mph),7 hours,"5,000 m (16,404 ft)",,,,,,
shahpar-2,https://globalmilitary.net/aircraft/shahpar-2/,Shahpar-II,8 m (26.2 ft),9.5 m (31.0 ft),,"1,500 km (932 mi)",,"1,075 kg (2,370 lbs)",220 km/h (137 mph),20 hours,"7,010 m (22,999 ft)",,,,,,
shenyang-j35,https://globalmilitary.net/aircraft/shenyang-j35/,Shenyang J-35,17.3 m (56.8 ft),11.5 m (37.7 ft),"2 × Guizhou WS-19 afterburning turbofan 8,892 kgf each","3,500 km (2,175 mi)",,"28,000 kg (61,729 lbs)",1905 km/h (Mach 1.91),,"16,000 m (52,493 ft)",4.8 m (15.7 ft),,,1,,
shinmaywa-us-2,https://globalmilitary.net/aircraft/shinmaywa-us-2/,ShinMaywa US-2,33.5 m (109.8 ft),33.2 m (108.8 ft),"4 × turboprops Rolls-Royce AE 2100J 3,424 kW each","4,700 km (2,920 mi)","25,630 kg (56,504 lbs)","47,700 kg (105,160 lbs)",560 km/h (348 mph),,"7,195 m (23,606 ft)",9.8 m (32.2 ft),136 m² (1463.9 sqft),,,"490 m (1,608 ft)",
short-330,https://globalmilitary.net/aircraft/short-330/,Short 330,17.7 m (58.0 ft),22.8 m (74.7 ft),2 × Pratt & Whitney Canada PT6A-45-R turboprop 895 kW each,"1,695 km (1,053 mi)","6,680 kg (14,727 lbs)","10,387 kg (22,899 lbs)",350 km/h (217 mph),,"6,100 m (20,013 ft)",5.0 m (16.2 ft),42.1 m² (453.2 sqft),6.0 m/s (19.7 ft/s),3,,
short-360,https://globalmilitary.net/aircraft/short-360/,Short 360,21.6 m (70.8 ft),22.8 m (74.8 ft),"2 × Pratt & Whitney Canada PT6A-65AR turboprop 1,062 kW each","1,595 km (991 mi)","7,870 kg (17,350 lbs)","12,292 kg (27,099 lbs)",404 km/h (251 mph),,"6,100 m (20,013 ft)",7.2 m (23.7 ft),42.1 m² (453.1 sqft),4.84 m/s (15.9 ft/s),3,,
short-skyvan,https://globalmilitary.net/aircraft/short-skyvan/,Short Skyvan,12.2 m (40.1 ft),19.8 m (64.9 ft),2 × turboprops Garrett TPE331-201 533 kW each,"1,115 km (693 mi)","3,331 kg (7,344 lbs)","5,670 kg (12,500 lbs)",325 km/h (202 mph),,"6,858 m (22,500 ft)",4.6 m (15.1 ft),35.1 m² (378.0 sqft),8.33 m/s (27.3 ft/s),,,
skeldar-v-200,https://globalmilitary.net/aircraft/skeldar-v-200/,Skeldar V-200,4.0 m (13.2 ft),4.6 m (15.1 ft),,100 km (62 mi),,245 kg (540 lbs),140 km/h (87 mph),6 hours,"3,000 m (9,843 ft)",1.3 m (4.3 ft),,,,,
socata-tbm,https://globalmilitary.net/aircraft/socata-tbm/,Socata TBM,10.7 m (34.9 ft),12.7 m (41.6 ft),1 × turboprop Pratt & Whitney Canada PT6A-64 522 kW each,"3,304 km (2,053 mi)","1,837 kg (4,050 lbs)","3,354 kg (7,394 lbs)",555 km/h (345 mph),,"9,185 m (30,135 ft)",4.4 m (14.3 ft),18 m² (193.8 sqft),12.09 m/s (39.7 ft/s),,,
sokil-300,https://globalmilitary.net/aircraft/sokil-300/,Sokil-300,8.6 m (28.1 ft),14 m (45.9 ft),1 × Rotax 914 (turbocharged),"3,300 km (2,051 mi)",,"1,225 kg (2,701 lbs)",335 km/h (208 mph),26 hours,"12,000 m (39,370 ft)",,,,,,
g4-super-galeb,https://globalmilitary.net/aircraft/g4-super-galeb/,Soko G-4 Super Galeb,12.3 m (40.2 ft),9.9 m (32.4 ft),"1 × Rolls-Royce Viper 632-46 turbojet 1,815 kgf each","1,900 km (1,181 mi)","3,250 kg (7,165 lbs)","6,330 kg (13,955 lbs)",910 km/h (565 mph),,"12,850 m (42,159 ft)",4.3 m (14.1 ft),19.5 m² (209.9 sqft),31.0 m/s (101.7 ft/s),"2 (student, instructor)",,Martin-Baker
sokol-altius,https://globalmilitary.net/aircraft/sokol-altius/,Sokol Altius,11.6 m (38.1 ft),28.5 m (93.5 ft),2 × turboprop engines,"10,000 km (6,214 mi)","6,000 kg (13,228 lbs)","6,000 kg (13,228 lbs)",350 km/h (217 mph),48 hours,"12,000 m (39,370 ft)",,,,,,
sperwer,https://globalmilitary.net/aircraft/sperwer/,Sperwer,,,,150 km (93 mi),,,,5 hours,"4,877 m (16,001 ft)",,,,,,
strikemaster,https://globalmilitary.net/aircraft/strikemaster/,Strikemaster,10.3 m (33.7 ft),11.2 m (36.8 ft),1 × Rolls-Royce Viper Mk.535 14 kN each,"2,224 km (1,382 mi)","2,810 kg (6,195 lbs)","5,216 kg (11,499 lbs)",774 km/h (481 mph),,"12,000 m (39,370 ft)",3.3 m (11.0 ft),19.9 m² (213.7 sqft),26.7 m/s (87.6 ft/s),2,,
su-11-fishpot,https://globalmilitary.net/aircraft/su-11-fishpot/,Su-11 Fishpot,18.2 m (59.8 ft),8.5 m (28.0 ft),1 × Lyulka AL-7F-2 99 kN each,"1,125 km (699 mi)","8,562 kg (18,876 lbs)","13,986 kg (30,834 lbs)",2340 km/h (Mach 2.34),1 hours,"18,000 m (59,055 ft)",4.7 m (15.4 ft),34 m² (366.0 sqft),136.7 m/s (448.5 ft/s),1,,
su-15-flagon,https://globalmilitary.net/aircraft/su-15-flagon/,Su-15 Flagon,19.6 m (64.2 ft),9.4 m (30.9 ft),"2 × turbojets Tumansky R-13F-300 7,138 kgf each","1,700 km (1,056 mi)","10,760 kg (23,722 lbs)","17,900 kg (39,463 lbs)",2230 km/h (Mach 2.23),,"18,100 m (59,383 ft)",4.8 m (15.9 ft),36.6 m² (394.0 sqft),228.0 m/s (748.0 ft/s),1,,Severin KS-4
su-17-20-22-fitter,https://globalmilitary.net/aircraft/su-17-20-22-fitter/,Su-17 Fitter,15.3 m (50.0 ft),10.0 m (32.6 ft),"1 × turbojet TR-3 4,000 kgf each","2,300 km (1,429 mi)","5,932 kg (13,078 lbs)","7,890 kg (17,394 lbs)",2140 km/h (Mach 2.14),,"14,500 m (47,572 ft)",4.5 m (14.8 ft),27.5 m² (296.0 sqft),47.6 m/s (156.2 ft/s),1,,Severin KS-4
su-24-fencer,https://globalmilitary.net/aircraft/su-24-fencer/,Su-24 Fencer,24.5 m (80.5 ft),17.6 m (57.9 ft),"2 × turbojets Saturn AL-21F-3 11,196 kgf each","2,775 km (1,724 mi)","22,320 kg (49,207 lbs)","39,700 kg (87,523 lbs)",1654 km/h (Mach 1.65),,"16,500 m (54,134 ft)",6.2 m (20.3 ft),46.4 m² (499.4 sqft),150.0 m/s (492.1 ft/s),"2 (pilot, WSO)","850 m (2,789 ft)",Zvezda K-36DM
su-25-frogfoot,https://globalmilitary.net/aircraft/su-25-frogfoot/,Su-25 Frogfoot,15.5 m (51.0 ft),14.4 m (47.1 ft),"2 × turbojets Tumansky R-95Sh 4,505 kgf each","1,000 km (621 mi)","9,500 kg (20,944 lbs)","17,600 kg (38,801 lbs)",970 km/h (603 mph),,"7,000 m (22,966 ft)",4.8 m (15.7 ft),30.1 m² (324.0 sqft),58.0 m/s (190.3 ft/s),1,"550 m (1,804 ft)",Zvezda K-36D-5
su-27-flanker,https://globalmilitary.net/aircraft/su-27-flanker/,Su-27 Flanker,21.9 m (72.0 ft),14.7 m (48.2 ft),"2 × turbofans Saturn AL-31F 12,502 kgf each","3,530 km (2,193 mi)","16,300 kg (35,935 lbs)","30,000 kg (66,139 lbs)",2500 km/h (Mach 2.5),,"18,500 m (60,696 ft)",5.9 m (19.5 ft),62.0 m² (667.8 sqft),300.0 m/s (984.3 ft/s),1,"650 m (2,133 ft)",Zvezda K-36DM
su-30-flanker-c,https://globalmilitary.net/aircraft/su-30-flanker-c/,Su-30 Flanker-C,21.9 m (72.0 ft),14.7 m (48.2 ft),"2 × turbofans Saturn AL-31FP 12,500 kgf each","3,000 km (1,864 mi)","17,700 kg (39,022 lbs)","33,000 kg (72,752 lbs)",2125 km/h (Mach 2.12),,"17,500 m (57,415 ft)",6.4 m (20.9 ft),62.0 m² (667.8 sqft),230.0 m/s (754.6 ft/s),"2 (pilot, WSO)","750 m (2,461 ft)",Zvezda K-36DM
su-33-flanker-d,https://globalmilitary.net/aircraft/su-33-flanker-d/,Su-33 Flanker-D,22 m (72.2 ft),15 m (49.2 ft),"2 × turbofans Saturn AL-31F3 12,797 kgf each","3,000 km (1,864 mi)","14,800 kg (32,628 lbs)","33,000 kg (72,752 lbs)",2300 km/h (Mach 2.3),,"18,000 m (59,055 ft)",6 m (19.7 ft),,246.0 m/s (807.1 ft/s),1,,Zvezda K-36DM
su-34-fullback,https://globalmilitary.net/aircraft/su-34-fullback/,Su-34 Fullback,23.3 m (76.6 ft),14.7 m (48.2 ft),"2 × turbofans Saturn AL-31F Srs 3 13,460 kgf each","4,500 km (2,796 mi)","20,000 kg (44,092 lbs)","45,000 kg (99,208 lbs)",1900 km/h (Mach 1.9),,"15,000 m (49,213 ft)",6.4 m (20.9 ft),52.0 m² (560.2 sqft),,"2 (pilot, WSO)","1,260 m (4,134 ft)",Zvezda K-36DM
su-35-flanker-e,https://globalmilitary.net/aircraft/su-35-flanker-e/,Su-35 Flanker-E,21.9 m (71.9 ft),15.3 m (50.2 ft),"2 × turbofans Saturn AL-41F1S 14,000 kgf each","4,500 km (2,796 mi)","19,000 kg (41,888 lbs)","34,500 kg (76,059 lbs)",2400 km/h (Mach 2.4),,"18,000 m (59,055 ft)",5.9 m (19.4 ft),62 m² (667.4 sqft),280.0 m/s (918.6 ft/s),1,,Zvezda K-36D-5
su-37-super-flanker,https://globalmilitary.net/aircraft/su-37-super-flanker/,Su-37 Super Flanker,22.2 m (72.8 ft),14.7 m (48.2 ft),"2 × turbofans Saturn AL-37FU 14,480 kgf each","3,300 km (2,051 mi)","18,500 kg (40,785 lbs)","35,000 kg (77,162 lbs)",2494 km/h (Mach 2.49),,"18,000 m (59,055 ft)",6.4 m (21.1 ft),62 m² (667.4 sqft),230.0 m/s (754.6 ft/s),1,,Zvezda K-36DM
su-47-berkut,https://globalmilitary.net/aircraft/su-47-berkut/,"Su-47 ""Berkut"" Firkin",22.6 m (74.1 ft),15.2 m (49.7 ft),"2 × turbofans Aviadvigatel D-30F6 15,602 kgf each","3,300 km (2,051 mi)","16,375 kg (36,101 lbs)","35,000 kg (77,162 lbs)",2500 km/h (Mach 2.5),,"18,000 m (59,055 ft)",6.3 m (20.7 ft),61.9 m² (666.0 sqft),233.0 m/s (764.4 ft/s),1,,Zvezda K-36DM
su-57-felon,https://globalmilitary.net/aircraft/su-57-felon/,Su-57 Felon,20.1 m (65.9 ft),14.1 m (46.3 ft),"2 × Saturn AL-41F1 afterburning turbofan 14,500 kgf each","4,500 km (2,796 mi)","18,500 kg (40,785 lbs)","35,000 kg (77,162 lbs)",2135 km/h (Mach 2.13),,"20,000 m (65,617 ft)",4.6 m (15.1 ft),78.8 m² (848.2 sqft),,1,,NPP Zvezda K-36D-5
su-7-fitter,https://globalmilitary.net/aircraft/su-7-fitter/,Su-7 Fitter,16.6 m (54.5 ft),9.3 m (30.5 ft),"1 × turbojet Lyulka AL-7F-1 9,596 kgf each","1,650 km (1,025 mi)","8,937 kg (19,703 lbs)","15,210 kg (33,532 lbs)",2150 km/h (Mach 2.15),,"17,600 m (57,743 ft)",5.0 m (16.4 ft),34 m² (366.0 sqft),160.0 m/s (524.9 ft/s),1,"950 m (3,117 ft)",Severin KS-4
su-75-checkmate,https://globalmilitary.net/aircraft/su-75-checkmate/,Su-75 Checkmate,17.7 m (58.1 ft),11.8 m (38.7 ft),"1 × turbofan Saturn AL-51F-1 17,009 kgf each","2,900 km (1,802 mi)",,"26,000 kg (57,320 lbs)",1910 km/h (Mach 1.91),,"16,500 m (54,134 ft)",4 m (13.1 ft),,220.0 m/s (721.8 ft/s),1,,
su-9-su-11-fishpot,https://globalmilitary.net/aircraft/su-9-su-11-fishpot/,Su-9 / Su-11 Fishpot,16.7 m (54.8 ft),8.4 m (27.7 ft),"1 × Lyulka AL-7F 9,060 kgf each","1,800 km (1,118 mi)","8,750 kg (19,290 lbs)",,2135 km/h (Mach 2.13),,"16,800 m (55,118 ft)",,26.3 m² (282.6 sqft),,1,,Severin KS-4
super-etendard,https://globalmilitary.net/aircraft/super-etendard/,Super Etendard,14.3 m (46.9 ft),9.6 m (31.5 ft),"1 × turbojet SNECMA Atar 8K50 4,995 kgf each","1,820 km (1,131 mi)","6,500 kg (14,330 lbs)","12,000 kg (26,455 lbs)",1180 km/h (Mach 1.18),,"13,700 m (44,948 ft)",3.9 m (12.7 ft),28.4 m² (305.7 sqft),100.0 m/s (328.1 ft/s),1,,Martin-Baker Mk 6
super-mystere-b2,https://globalmilitary.net/aircraft/super-mystere-b2/,Super Mystère B2,14.1 m (46.4 ft),10.5 m (34.5 ft),1 × turbojet SNECMA Atar 101G-2 44 kN each,"1,175 km (730 mi)","6,930 kg (15,278 lbs)","10,000 kg (22,046 lbs)",1195 km/h (Mach 1.2),,"17,000 m (55,774 ft)",4.6 m (15.1 ft),32 m² (344.4 sqft),89.0 m/s (292.0 ft/s),1,,
switchblade-300,https://globalmilitary.net/aircraft/switchblade-300/,Switchblade 300,0.5 m (1.6 ft),,1 × Electric motor,10 km (6 mi),3 kg (6 lbs),6 kg (13 lbs),160 km/h (99 mph),,,,,,,,
switchblade-600,https://globalmilitary.net/aircraft/switchblade-600/,Switchblade 600,1.3 m (4.3 ft),,1 × Electric motor,80 km (50 mi),15 kg (33 lbs),15 kg (33 lbs),185 km/h (115 mph),1 hours,,,,,,,
t2-buckeye,https://globalmilitary.net/aircraft/t2-buckeye/,T-2 Buckeye,11 m (36.1 ft),11.6 m (38.1 ft),"2 × turbojets General Electric J85-GE-4 1,338 kgf each","1,683 km (1,046 mi)","3,652 kg (8,051 lbs)","5,931 kg (13,076 lbs)",838 km/h (521 mph),,"13,533 m (44,400 ft)",4.5 m (14.8 ft),24 m² (258.3 sqft),31.5 m/s (103.3 ft/s),2,,North American LS-1
t-23-uirapuru,https://globalmilitary.net/aircraft/t-23-uirapuru/,T-23 Uirapuru,6.6 m (21.7 ft),8.5 m (27.9 ft),1 × Lycoming O-320-B2B 120 kW each,800 km (497 mi),"540 kg (1,190 lbs)","840 kg (1,852 lbs)",225 km/h (140 mph),4 hours,"4,500 m (14,764 ft)",2.7 m (8.9 ft),13.5 m² (145.3 sqft),4.0 m/s (13.1 ft/s),"2 (student, instructor)",,
t-25-universal,https://globalmilitary.net/aircraft/t-25-universal/,T-25 Universal,8.6 m (28.2 ft),11 m (36.1 ft),1 × Lycoming IO-540-K1D5 220 kW each,"1,500 km (932 mi)","1,150 kg (2,535 lbs)","1,700 kg (3,748 lbs)",300 km/h (186 mph),,"6,100 m (20,013 ft)",3 m (9.8 ft),17.2 m² (185.1 sqft),6.66 m/s (21.9 ft/s),2–3,,
t28-trojan,https://globalmilitary.net/aircraft/t28-trojan/,T-28 Trojan,10.1 m (33.0 ft),12.2 m (40.1 ft),"1 × Wright R-1820-86 Cyclone 9-cylinder air-cooled radial engine 1,063 kW each","1,710 km (1,063 mi)","2,914 kg (6,424 lbs)","3,856 kg (8,501 lbs)",552 km/h (343 mph),,"10,800 m (35,433 ft)",3.9 m (12.7 ft),24.9 m² (268.0 sqft),18.0 m/s (59.1 ft/s),2,,
t33-shooting-star,https://globalmilitary.net/aircraft/t33-shooting-star/,T-33 Shooting Star,2,11.5 m (37.8 ft),11.8 m (38.9 ft),3.6 m (11.7 ft),21.8 m² (234.8 sqft),"3,794 kg (8,364 lbs)","6,832 kg (15,062 lbs)","1 × Allison J33-A-35 centrifugal flow turbojet 2,086 kgf each",970 km/h (603 mph),"2,052 km (1,275 mi)","15,000 m (49,213 ft)",24.7 m/s (81.0 ft/s),,,
t34-mentor,https://globalmilitary.net/aircraft/t34-mentor/,T-34 Mentor,,8.8 m (28.7 ft),10.2 m (33.3 ft),2.9 m (9.6 ft),16.7 m² (179.6 sqft),"2,960 kg (6,526 lbs)","4,300 kg (9,480 lbs)",1 × turboprop Pratt & Whitney Canada PT6A-25C 559 kW each,396 km/h (246 mph),"1,311 km (815 mi)","9,144 m (30,000 ft)",7.5 m/s (24.6 ft/s),,,
t35-pillan,https://globalmilitary.net/aircraft/t35-pillan/,T-35 Pillan,2,8 m (26.2 ft),8.8 m (29.0 ft),2.6 m (8.7 ft),13.7 m² (147.4 sqft),"930 kg (2,050 lbs)","1,338 kg (2,950 lbs)",1 × Avco Lycoming AEIO-540-K1K5 6-cylinder pistons engine 224 kW each,311 km/h (193 mph),"1,093 km (679 mi)","5,840 m (19,160 ft)",7.75 m/s (25.4 ft/s),287 m (942 ft),,
t37-tweet,https://globalmilitary.net/aircraft/t37-tweet/,T-37 Tweet,,9 m (29.5 ft),10.1 m (33.1 ft),2.8 m (9.2 ft),17 m² (183.0 sqft),"1,840 kg (4,057 lbs)","2,980 kg (6,570 lbs)",2 × turbojets Continental J69-T-25 465 kgf each,684 km/h (425 mph),"1,500 km (932 mi)","11,948 m (39,199 ft)",17.1 m/s (56.1 ft/s),,Weber T-37,
t38-talon,https://globalmilitary.net/aircraft/t38-talon/,T-38 Talon,2,14.1 m (46.4 ft),7.7 m (25.3 ft),3.9 m (12.9 ft),16 m² (172.2 sqft),"3,266 kg (7,200 lbs)","5,670 kg (12,500 lbs)","2 × turbojets General Electric J85-GE-5A 1,216 kgf each",1381 km/h (Mach 1.38),"1,835 km (1,140 mi)","15,240 m (50,000 ft)",170.7 m/s (560.0 ft/s),,Martin-Baker US16T,
t41-mescalero,https://globalmilitary.net/aircraft/t41-mescalero/,T-41 Mescalero,1,8.2 m (26.9 ft),10.9 m (35.8 ft),2.7 m (8.8 ft),14.8 m² (159.3 sqft),"618 kg (1,362 lbs)","1,134 kg (2,500 lbs)",1 × Continental IO-360-D 160 kW each,232 km/h (144 mph),"1,159 km (720 mi)","5,200 m (17,060 ft)",4.5 m/s (14.8 ft/s),,,
t45-goshawk,https://globalmilitary.net/aircraft/t45-goshawk/,T-45 Goshawk,2,12.0 m (39.3 ft),9.4 m (30.8 ft),4.1 m (13.4 ft),17.7 m² (190.5 sqft),"4,460 kg (9,833 lbs)","6,387 kg (14,081 lbs)","1 × turbojet Rolls-Royce-Turbomeca F405-RR-401 2,507 kgf each",1038 km/h (Mach 1.04),"1,300 km (808 mi)","12,954 m (42,500 ft)",40.6 m/s (133.2 ft/s),,Martin-Baker Mk 14,
t5-brave-eagle,https://globalmilitary.net/aircraft/t5-brave-eagle/,T-5 Brave Eagle,2,13.7 m (44.9 ft),9 m (29.5 ft),4.6 m (15.1 ft),,"4,500 kg (9,921 lbs)",,"2 × turbofans Honeywell F124-GA-200 2,835 kgf each",1030 km/h (Mach 1.03),"1,350 km (839 mi)","13,000 m (42,651 ft)",48.0 m/s (157.5 ft/s),,Martin-Baker Mk 12,
t50-golden-eagle,https://globalmilitary.net/aircraft/t50-golden-eagle/,T-50 Golden Eagle,,13.0 m (42.6 ft),9.2 m (30.1 ft),4.8 m (15.7 ft),23.7 m² (255.0 sqft),"6,441 kg (14,200 lbs)","13,472 kg (29,701 lbs)","1 × turbofan General Electric F404-GE-102 5,409 kgf each",1840 km/h (Mach 1.84),"1,851 km (1,150 mi)","16,764 m (55,000 ft)",198.0 m/s (649.6 ft/s),,Martin-Baker Mk 16K,
t6-texan-ii,https://globalmilitary.net/aircraft/t6-texan-ii/,T-6 Texan II,,10.2 m (33.3 ft),10.2 m (33.4 ft),3.3 m (10.7 ft),16.3 m² (175.2 sqft),"2,135 kg (4,707 lbs)","2,858 kg (6,301 lbs)",1 × turboprop Pratt & Whitney Canada PT6A-68 932 kW each,585 km/h (364 mph),"1,700 km (1,056 mi)","9,449 m (31,001 ft)",16.0 m/s (52.5 ft/s),,Martin-Baker US16LA,
t67-firefly,https://globalmilitary.net/aircraft/t67-firefly/,T-67 Firefly,2,7.6 m (24.8 ft),10.7 m (35.1 ft),2.4 m (7.7 ft),13 m² (139.9 sqft),"794 kg (1,750 lbs)","1,157 kg (2,551 lbs)",1 × pistons engine Lycoming AEIO-540-D 194 kW each,282 km/h (175 mph),753 km (468 mi),"5,791 m (18,999 ft)",7.0 m/s (23.0 ft/s),,,
t7-red-hawk,https://globalmilitary.net/aircraft/t7-red-hawk/,T-7 Red Hawk,2,15.2 m (49.7 ft),10 m (32.8 ft),4 m (13.1 ft),,"3,250 kg (7,165 lbs)","5,500 kg (12,125 lbs)","1 × turbofan General Electric F404-GE-402 8,029 kgf each",1300 km/h (Mach 1.3),"1,830 km (1,137 mi)","15,240 m (50,000 ft)",170.0 m/s (557.7 ft/s),,Collins ACES 5,
t-ch-1-chung-hsing,https://globalmilitary.net/aircraft/t-ch-1-chung-hsing/,T-CH-1 Chung Hsing,2,10.3 m (33.7 ft),12.2 m (40.0 ft),3.7 m (12.0 ft),25.2 m² (271.0 sqft),"2,608 kg (5,750 lbs)","5,057 kg (11,149 lbs)","1 × Avco Lycoming T53-L-701 turboprop 1,082 kW each",590 km/h (367 mph),"2,010 km (1,249 mi)","9,800 m (32,152 ft)",17.0 m/s (55.8 ft/s),,,
t129,https://globalmilitary.net/aircraft/t129/,T129 ATAK,2,14.5 m (47.7 ft),11.9 m (39.0 ft),3.4 m (11.2 ft),111.2 m² (1197.2 sqft),"2,350 kg (5,181 lbs)","5,056 kg (11,147 lbs)","2 × LHTEC CTS800-4A 1,024 kW each",281 km/h (175 mph),537 km (334 mi),"4,572 m (15,000 ft)",13.26 m/s (43.5 ft/s),,,3 hours
tai-aksungur,https://globalmilitary.net/aircraft/tai-aksungur/,TAI Aksungur,,12.5 m (41.0 ft),24.2 m (79.4 ft),3.1 m (10.2 ft),,"1,800 kg (3,968 lbs)","3,300 kg (7,275 lbs)",2 × TEI-PD170 160 kW each,250 km/h (155 mph),"6,500 km (4,039 mi)","12,192 m (40,000 ft)",,,,50 hours
tai-anka,https://globalmilitary.net/aircraft/tai-anka/,TAI Anka,,8.6 m (28.2 ft),17.5 m (57.4 ft),,,"700 kg (1,543 lbs)","1,700 kg (3,748 lbs)",1 × TEI-PD170 130 kW each,217 km/h (135 mph),"2,500 km (1,553 mi)","9,144 m (30,000 ft)",,,,30 hours
anka-3,https://globalmilitary.net/aircraft/anka-3/,TAI Anka-3,,8.9 m (29.2 ft),13.1 m (43.0 ft),2.6 m (8.5 ft),,,"7,250 kg (15,983 lbs)",1 × Ivchenko-Progress AI-322,787 km/h (489 mph),"1,075 km (668 mi)","12,000 m (39,370 ft)",,,,10 hours
tb-001,https://globalmilitary.net/aircraft/tb-001/,TB-001 Twin-tailed Scorpion,,10 m (32.8 ft),20 m (65.6 ft),3.3 m (10.8 ft),,,"2,800 kg (6,173 lbs)",2 × turbocharged-piston engine,,"6,000 km (3,728 mi)","8,000 m (26,247 ft)",,,,35 hours
tb-30-epsilon,https://globalmilitary.net/aircraft/tb-30-epsilon/,TB-30 Epsilon,2,7.6 m (24.9 ft),7.9 m (26.0 ft),2.7 m (8.7 ft),9 m² (96.9 sqft),"932 kg (2,055 lbs)","1,250 kg (2,756 lbs)",1 × pistons engine Lycoming AEIO-540-L1B5D 224 kW each,356 km/h (221 mph),"1,300 km (808 mi)","7,010 m (22,999 ft)",9.4 m/s (30.8 ft/s),,,
th-55,https://globalmilitary.net/aircraft/th-55/,TH-55 Osage,2,8.8 m (28.9 ft),7.7 m (25.3 ft),2.5 m (8.2 ft),,435 kg (959 lbs),"703 kg (1,550 lbs)",1 × Lycoming HIO-360-A1A 4-cylinder piston engine 130 kW each,140 km/h (87 mph),480 km (298 mi),"4,000 m (13,123 ft)",5.8 m/s (19.0 ft/s),,,
ts-11-iskra,https://globalmilitary.net/aircraft/ts-11-iskra/,TS-11 Iskra,,11.2 m (36.6 ft),10.1 m (33.0 ft),3.5 m (11.5 ft),17.5 m² (188.4 sqft),"2,560 kg (5,644 lbs)","3,840 kg (8,466 lbs)","1 × turbojet PZL-Rzeszów SO-3 1,000 kgf each",720 km/h (447 mph),"1,250 km (777 mi)","11,000 m (36,089 ft)",14.8 m/s (48.6 ft/s),,S-3,
mastiff,https://globalmilitary.net/aircraft/mastiff/,Tadiran Mastiff,,3.3 m (10.8 ft),4.3 m (13.9 ft),0.9 m (2.9 ft),,72 kg (159 lbs),138 kg (304 lbs),1 × Limbach Flugmotoren,185 km/h (115 mph),,"4,480 m (14,698 ft)",,,,7 hours
taranis,https://globalmilitary.net/aircraft/taranis/,Taranis,,4 m (13.1 ft),10 m (32.8 ft),,,,,1 × Rolls-Royce Adour engine,,,"12,192 m (40,000 ft)",,,,
tecnam-p2002,https://globalmilitary.net/aircraft/tecnam-p2002/,Tecnam P2002,1,6.6 m (21.7 ft),8.6 m (28.2 ft),2.4 m (8.0 ft),11.5 m² (123.8 sqft),331 kg (730 lbs),"598 kg (1,318 lbs)",1 × piston Rotax 912 S2 74 kW each,250 km/h (155 mph),"1,092 km (679 mi)","3,995 m (13,107 ft)",6.2 m/s (20.3 ft/s),,,
p2006t,https://globalmilitary.net/aircraft/p2006t/,Tecnam P2006T,1,8.7 m (28.5 ft),11.4 m (37.4 ft),2.8 m (9.3 ft),14.8 m² (158.8 sqft),"760 kg (1,676 lbs)","1,180 kg (2,601 lbs)",2 × pistons engine Rotax 912S3 75 kW each,287 km/h (178 mph),"1,722 km (1,070 mi)","4,267 m (13,999 ft)",6.4 m/s (21.0 ft/s),"448 m (1,470 ft)",,5 hours
tejas,https://globalmilitary.net/aircraft/tejas/,Tejas,1–2,13.2 m (43.3 ft),8.2 m (26.9 ft),4.4 m (14.4 ft),38.4 m² (413.3 sqft),"6,560 kg (14,462 lbs)","13,500 kg (29,762 lbs)","1 × General Electric F404-GE-IN20 afterburning turbofan 8,600 kgf each",2220 km/h (Mach 2.22),"3,000 km (1,864 mi)","16,000 m (52,493 ft)",,,Martin-Baker Mk 16A,
tornado,https://globalmilitary.net/aircraft/tornado/,Tornado,"2 (pilot, WSO)",16.7 m (54.9 ft),13.9 m (45.6 ft),6.0 m (19.5 ft),26.6 m² (286.3 sqft),"13,890 kg (30,622 lbs)","28,000 kg (61,729 lbs)","2 × turbofans Turbo-Union RB.199-34R Mk 103 7,831 kgf each",2420 km/h (Mach 2.42),"3,890 km (2,417 mi)","15,240 m (50,000 ft)",76.7 m/s (251.6 ft/s),,Martin-Baker Mk 10,
tsaigumi,https://globalmilitary.net/aircraft/tsaigumi/,Tsaigumi,,,6.8 m (22.3 ft),,,,95 kg (209 lbs),1 × piston engine,,,"4,600 m (15,092 ft)",,,,10 hours
tu-123,https://globalmilitary.net/aircraft/tu-123/,Tu-123 Yastreb,,27.8 m (91.3 ft),8.4 m (27.6 ft),4.8 m (15.7 ft),,"11,450 kg (25,243 lbs)","35,610 kg (78,507 lbs)",1 × Tumansky KR-15 98 kN each,2700 km/h (Mach 2.7),"3,200 km (1,988 mi)","22,800 m (74,803 ft)",,,,
tu-126,https://globalmilitary.net/aircraft/tu-126/,Tu-126 Moss,12,56.5 m (185.4 ft),51.4 m (168.6 ft),16.1 m (52.7 ft),311.1 m² (3348.6 sqft),"103,000 kg (227,076 lbs)","171,000 kg (376,990 lbs)","4 × Kuznetsov NK-12MV 11,033 kW each",790 km/h (491 mph),"7,000 km (4,350 mi)","10,700 m (35,105 ft)",,,,10 hours
tu-128-fiddler,https://globalmilitary.net/aircraft/tu-128-fiddler/,Tu-128 Fiddler,"2 (pilot, WSO)",27.2 m (89.2 ft),18.1 m (59.4 ft),7 m (23.0 ft),80 m² (861.1 sqft),"24,500 kg (54,013 lbs)","43,000 kg (94,799 lbs)","2 × turbojets AL-7F-2 10,105 kgf each",1665 km/h (Mach 1.67),"2,565 km (1,594 mi)","15,600 m (51,181 ft)",125.0 m/s (410.1 ft/s),,Tupolev KT-1,
tu-134-crusty,https://globalmilitary.net/aircraft/tu-134-crusty/,Tu-134 Crusty,,37.1 m (121.7 ft),29 m (95.1 ft),9.0 m (29.6 ft),127.3 m² (1370.2 sqft),"27,960 kg (61,641 lbs)","47,600 kg (104,940 lbs)","2 × turbofans Soloviev D-30-II 6,799 kgf each",950 km/h (590 mph),"3,000 km (1,864 mi)","12,100 m (39,698 ft)",,,,
tu-141,https://globalmilitary.net/aircraft/tu-141/,Tu-141 Strizh,,14.3 m (47.0 ft),3.9 m (12.7 ft),2.4 m (8.0 ft),10 m² (107.6 sqft),,"6,215 kg (13,702 lbs)",1 × Tumansky KR-17A 19 kN each,1100 km/h (Mach 1.1),"1,000 km (621 mi)","6,000 m (19,685 ft)",,,,
tu-142,https://globalmilitary.net/aircraft/tu-142/,Tu-142,11–13,53.1 m (174.1 ft),50 m (164.0 ft),12.1 m (39.8 ft),311.1 m² (3348.6 sqft),"90,000 kg (198,416 lbs)","185,000 kg (407,855 lbs)","4 × Kuznetsov NK-12MP 11,033 kW each",925 km/h (575 mph),"12,550 km (7,798 mi)","12,000 m (39,370 ft)",,,,
tu-143,https://globalmilitary.net/aircraft/tu-143/,Tu-143 Reys,,8.1 m (26.4 ft),2.2 m (7.3 ft),1.5 m (5.1 ft),,,"1,230 kg (2,712 lbs)",1 × Klimov turbojet TR3-117,950 km/h (590 mph),200 km (124 mi),"5,000 m (16,404 ft)",,,,0 hours
tu-144-charger,https://globalmilitary.net/aircraft/tu-144-charger/,Tu-144 Charger,3,65.7 m (215.6 ft),28.8 m (94.5 ft),12.6 m (41.2 ft),506.4 m² (5450.3 sqft),"99,200 kg (218,698 lbs)","207,000 kg (456,356 lbs)",4 × turbojets Kolesov RD-36-51 240 kN each,2500 km/h (Mach 2.5),"6,500 km (4,039 mi)","20,000 m (65,617 ft)",50.0 m/s (164.0 ft/s),,,
tu-154-careless,https://globalmilitary.net/aircraft/tu-154-careless/,Tu-154 Careless,3,48 m (157.5 ft),37.6 m (123.2 ft),11.4 m (37.4 ft),202 m² (2174.3 sqft),"55,300 kg (121,915 lbs)","104,000 kg (229,280 lbs)","3 × turbofans Soloviev D-30KU-154 10,503 kgf each",913 km/h (567 mph),"6,600 km (4,101 mi)","12,100 m (39,698 ft)",,,,
tu-16-badger,https://globalmilitary.net/aircraft/tu-16-badger/,Tu-16 Badger,6–9,34.8 m (114.2 ft),33 m (108.3 ft),10.4 m (34.0 ft),165 m² (1776.0 sqft),"37,200 kg (82,012 lbs)","79,000 kg (174,165 lbs)","2 × turbojets Mikouline AM-3 9,525 kgf each",1050 km/h (Mach 1.05),"7,200 km (4,474 mi)","12,800 m (41,995 ft)",,,,
tu-160-blackjack,https://globalmilitary.net/aircraft/tu-160-blackjack/,Tu-160 Blackjack,4,54.1 m (177.5 ft),55.7 m (182.7 ft),13.1 m (43.0 ft),232 m² (2497.2 sqft),"109,769 kg (241,999 lbs)","274,877 kg (605,999 lbs)","4 × turbofans Kuznetsov NK-32 24,983 kgf each",2220 km/h (Mach 2.22),"12,300 km (7,643 mi)","16,000 m (52,493 ft)",70.0 m/s (229.7 ft/s),"2,200 m (7,218 ft)",Zvezda K-36DM,15 hours
tu-2-bat,https://globalmilitary.net/aircraft/tu-2-bat/,Tu-2 Bat,4,13.8 m (45.3 ft),18.9 m (61.9 ft),4.1 m (13.5 ft),,"7,601 kg (16,757 lbs)","11,768 kg (25,944 lbs)","2 × radial piston engines Shvetsov ASh-82 1,380 kW each",528 km/h (328 mph),"2,020 km (1,255 mi)","9,000 m (29,528 ft)",8.2 m/s (26.9 ft/s),,,
tu-22m-backfire,https://globalmilitary.net/aircraft/tu-22m-backfire/,Tu-22M / Tu-26 Backfire,4,42.4 m (139.1 ft),34.3 m (112.5 ft),11.1 m (36.3 ft),183.6 m² (1976.3 sqft),"58,000 kg (127,868 lbs)","126,000 kg (277,782 lbs)","2 × turbofans Kuznetsov NK-25 25,278 kgf each",2327 km/h (Mach 2.33),"6,800 km (4,225 mi)","13,300 m (43,635 ft)",15.0 m/s (49.2 ft/s),,Tupolev KT-1,
tu-4-bull,https://globalmilitary.net/aircraft/tu-4-bull/,Tu-4 Bull,11,30.2 m (99.0 ft),43.1 m (141.2 ft),8.5 m (27.8 ft),161.7 m² (1740.5 sqft),"36,850 kg (81,240 lbs)","63,600 kg (140,214 lbs)","4 × radial piston engines Shvetsov ASh-73TK 1,790 kW each",558 km/h (347 mph),"5,400 km (3,355 mi)","11,200 m (36,745 ft)",4.6 m/s (15.1 ft/s),,,
tu-95-bear,https://globalmilitary.net/aircraft/tu-95-bear/,Tu-95 Bear,8,46.2 m (151.6 ft),50.1 m (164.4 ft),12.1 m (39.8 ft),310 m² (3336.8 sqft),"90,000 kg (198,416 lbs)","188,000 kg (414,469 lbs)","4 × turboprops Kuznetsov NK-12M 8,950 kW each",920 km/h (572 mph),"15,000 km (9,321 mi)","13,716 m (45,000 ft)",10.0 m/s (32.8 ft/s),,,21 hours
typhoon,https://globalmilitary.net/aircraft/typhoon/,Typhoon,1,16.0 m (52.4 ft),11.0 m (35.9 ft),5.3 m (17.3 ft),51.2 m² (551.1 sqft),"11,000 kg (24,251 lbs)","23,500 kg (51,809 lbs)","2 × turbofans Eurojet EJ-200 9,163 kgf each",2495 km/h (Mach 2.5),"3,790 km (2,355 mi)","16,765 m (55,003 ft)",315.0 m/s (1033.5 ft/s),,Martin-Baker Mk 16A,
u2-dragon-lady,https://globalmilitary.net/aircraft/u2-dragon-lady/,U-2 Dragon Lady,1,19 m (62.3 ft),31 m (101.7 ft),4.9 m (16.0 ft),93 m² (1001.0 sqft),"6,486 kg (14,299 lbs)","18,144 kg (40,001 lbs)","1 × turbofan General Electric F118-GE-101 7,711 kgf each",805 km/h (500 mph),"11,280 km (7,009 mi)","21,336 m (70,000 ft)",45.7 m/s (149.9 ft/s),,,12 hours
punisher,https://globalmilitary.net/aircraft/punisher/,UA Dynamics Punisher,,1.5 m (4.8 ft),2.9 m (9.6 ft),,,,7 kg (15 lbs),,198 km/h (123 mph),45 km (28 mi),"400 m (1,312 ft)",,,,
uh-1-huey,https://globalmilitary.net/aircraft/uh-1-huey/,"UH-1 Iroquois ""Huey""",2,12.7 m (41.8 ft),14.6 m (48.0 ft),4.5 m (14.7 ft),,"2,087 kg (4,601 lbs)","4,309 kg (9,500 lbs)",1 × turboshaft Lycoming T53-L-11A 820 kW each,222 km/h (138 mph),510 km (317 mi),"5,910 m (19,390 ft)",8.9 m/s (29.2 ft/s),,,
uh-1n-twin-huey,https://globalmilitary.net/aircraft/uh-1n-twin-huey/,UH-1N Twin Huey,"4 (pilot, co-pilot, crew chief, gunner)",17.6 m (57.7 ft),14.6 m (48.0 ft),4.4 m (14.4 ft),168 m² (1808.3 sqft),,"4,763 kg (10,501 lbs)",2 × Pratt & Whitney Canada T400-CP-400 930 kW each,240 km/h (149 mph),459 km (285 mi),"5,300 m (17,388 ft)",8.92 m/s (29.3 ft/s),,,
uh-1y-venom,https://globalmilitary.net/aircraft/uh-1y-venom/,UH-1Y Venom,"2 (pilot, co-pilot)",17.8 m (58.3 ft),14.9 m (48.8 ft),4.5 m (14.6 ft),168 m² (1808.3 sqft),"5,371 kg (11,841 lbs)","8,391 kg (18,499 lbs)","2 × General Electric T700-GE-401C 1,363 kW each",304 km/h (189 mph),240 km (149 mi),"6,100 m (20,013 ft)",12.8 m/s (42.0 ft/s),,,3 hours
uh-60-black-hawk,https://globalmilitary.net/aircraft/uh-60-black-hawk/,UH-60 Black Hawk,4,19.5 m (64.1 ft),16.4 m (53.7 ft),4.9 m (16.1 ft),,"4,819 kg (10,624 lbs)","10,659 kg (23,499 lbs)","2 × turboshafts General Electric T700-GE-701C 1,208 kW each",294 km/h (183 mph),"2,221 km (1,380 mi)","5,791 m (18,999 ft)",3.6 m/s (11.8 ft/s),,,
uh-72-lakota,https://globalmilitary.net/aircraft/uh-72-lakota/,UH-72 Lakota,1–2,13.0 m (42.7 ft),11 m (36.1 ft),3.5 m (11.3 ft),95.0 m² (1022.4 sqft),"1,792 kg (3,951 lbs)","3,585 kg (7,904 lbs)",2 × Turbomeca Arriel 1E2 550 kW each,268 km/h (167 mph),685 km (426 mi),"4,018 m (13,182 ft)",8.13 m/s (26.7 ft/s),,,
uj-22-airborne,https://globalmilitary.net/aircraft/uj-22-airborne/,UJ-22 Airborne,,3.7 m (12.1 ft),4.2 m (13.8 ft),,,,85 kg (187 lbs),1 × gasoline piston engine,160 km/h (99 mph),800 km (497 mi),"6,000 m (19,685 ft)",,6 hours,,
uj-25-skyline,https://globalmilitary.net/aircraft/uj-25-skyline/,UJ-25 Skyline,,,,,,,,1 × turbojet,800 km/h (497 mph),400 km (249 mi),,,1 hours,,
utva-75,https://globalmilitary.net/aircraft/utva-75/,UTVA-75,2,7.1 m (23.3 ft),9.7 m (31.9 ft),3.2 m (10.3 ft),14.6 m² (157.5 sqft),"685 kg (1,510 lbs)","960 kg (2,116 lbs)",1 × Lycoming IO-360-B1F 134 kW each,215 km/h (134 mph),800 km (497 mi),"4,000 m (13,123 ft)",4.5 m/s (14.8 ft/s),,,
v-12-homer,https://globalmilitary.net/aircraft/v-12-homer/,V-12 Homer,"6 (pilot, co-pilot, flight engineer, electrician, navigator, radio operator)",37 m (121.4 ft),35 m (114.8 ft),12.5 m (41.0 ft),962 m² (10354.9 sqft),"69,100 kg (152,339 lbs)","105,000 kg (231,485 lbs)","4 × turboshafts Soloviev D-25VF 4,800 kW each",260 km/h (162 mph),500 km (311 mi),"3,500 m (11,483 ft)",,,,
v22-osprey,https://globalmilitary.net/aircraft/v22-osprey/,V-22 Osprey,2,17.5 m (57.4 ft),14 m (45.9 ft),6.7 m (22.1 ft),28 m² (301.4 sqft),"33,140 kg (73,061 lbs)","60,500 kg (133,380 lbs)","2 × turboshafts Rolls-Royce Allison T406/AE 1107C-Liberty 4,586 kW each",565 km/h (351 mph),"1,628 km (1,012 mi)","7,925 m (26,001 ft)",11.8 m/s (38.7 ft/s),,,
v-bat,https://globalmilitary.net/aircraft/v-bat/,V-BAT,,3.8 m (12.5 ft),2.9 m (9.5 ft),,,,73 kg (161 lbs),1 × Heavy Fuel Engine,90 km/h (56 mph),,"5,500 m (18,045 ft)",,13 hours,,
vc-25-air-force-one,https://globalmilitary.net/aircraft/vc-25-air-force-one/,"VC-25 ""Air Force One""",26,70.6 m (231.6 ft),59.6 m (195.5 ft),19.3 m (63.3 ft),511.0 m² (5499.8 sqft),"173,726 kg (383,000 lbs)","377,842 kg (832,998 lbs)","4 × turbofans General Electric CF6-80C2B1 25,719 kgf each",1014 km/h (Mach 1.01),"12,600 km (7,829 mi)","13,746 m (45,098 ft)",,,,
vh-60-white-hawk,https://globalmilitary.net/aircraft/vh-60-white-hawk/,VH-60 White Hawk,4,19.6 m (64.3 ft),16.4 m (53.7 ft),5.1 m (16.7 ft),,"6,850 kg (15,102 lbs)","10,660 kg (23,501 lbs)","2 × General Electric T700-GE-401 1,260 kW each",257 km/h (160 mph),"2,200 km (1,367 mi)","5,790 m (18,996 ft)",3.6 m/s (11.8 ft/s),,,
valiant,https://globalmilitary.net/aircraft/valiant/,Valiant,"5 (2 pilots, 2 navigators, air electronics officer)",33.0 m (108.2 ft),34.9 m (114.3 ft),9.8 m (32.2 ft),219.4 m² (2361.6 sqft),"34,419 kg (75,881 lbs)","63,503 kg (140,000 lbs)",4 × Rolls-Royce Avon RA28 Mk 204 44 kN each,912 km/h (567 mph),"7,200 km (4,474 mi)","16,000 m (52,493 ft)",20.0 m/s (65.6 ft/s),,,
victor,https://globalmilitary.net/aircraft/victor/,Victor,5,35.0 m (114.9 ft),34 m (111.5 ft),8.6 m (28.1 ft),223.5 m² (2405.7 sqft),"40,383 kg (89,029 lbs)","92,986 kg (204,999 lbs)",4 × Armstrong Siddeley A.S.Sa.7 Sapphire turbojet 49 kN each,1009 km/h (Mach 1.01),"9,662 km (6,004 mi)","17,000 m (55,774 ft)",,,,
vulcan,https://globalmilitary.net/aircraft/vulcan/,Vulcan,"5 (pilot, co-pilot, AEO, navigator radar, navigator plotter)",29.6 m (97.1 ft),30.3 m (99.4 ft),8.1 m (26.5 ft),330.2 m² (3554.2 sqft),"37,908 kg (83,573 lbs)","77,111 kg (170,000 lbs)",4 × Bristol Olympus Mk.101 49 kN each,1039 km/h (Mach 1.04),"4,195 km (2,607 mi)","17,000 m (55,774 ft)",,,,
p68,https://globalmilitary.net/aircraft/p68/,Vulcanair P68,,9.6 m (31.3 ft),12 m (39.4 ft),3.4 m (11.2 ft),18.6 m² (200.2 sqft),"1,230 kg (2,712 lbs)","1,990 kg (4,387 lbs)",2 × pistons engine Lycoming AEIO-360-A1B6 149 kW each,322 km/h (200 mph),"2,043 km (1,269 mi)","5,850 m (19,193 ft)",7.6 m/s (24.9 ft/s),,,
w3-sokol,https://globalmilitary.net/aircraft/w3-sokol/,W-3 Sokol,2,14.2 m (46.6 ft),15.7 m (51.5 ft),5.1 m (16.9 ft),,"3,850 kg (8,488 lbs)","6,400 kg (14,110 lbs)",2 × turboshafts PZL-Rzeszów PZL-10W 662 kW each,260 km/h (162 mph),745 km (463 mi),"4,910 m (16,109 ft)",9.3 m/s (30.5 ft/s),,,
wj-700,https://globalmilitary.net/aircraft/wj-700/,WJ-700,,,22 m (72.2 ft),,,,"3,800 kg (8,378 lbs)",1 × WP11 Jiuzhai turbofan,700 km/h (435 mph),,"15,000 m (49,213 ft)",,20 hours,,
wz-7-soaring-dragon,https://globalmilitary.net/aircraft/wz-7-soaring-dragon/,WZ-7 Soaring Dragon,,14.3 m (47.0 ft),24.9 m (81.6 ft),5.4 m (17.7 ft),,,,1 × Guizhou WP-13 turbojet 43 kN each,750 km/h (466 mph),"7,000 km (4,350 mi)","18,000 m (59,055 ft)",,10 hours,,
wz-8,https://globalmilitary.net/aircraft/wz-8/,WZ-8,,11.5 m (37.7 ft),6.7 m (22.0 ft),2.2 m (7.2 ft),,,,2 × YF50 rocket motor,3704 km/h (Mach 3.7),"8,000 km (4,971 mi)","50,000 m (164,042 ft)",,,,
warmate,https://globalmilitary.net/aircraft/warmate/,Warmate,,1.1 m (3.6 ft),1.6 m (5.2 ft),,,4 kg (9 lbs),5 kg (11 lbs),1 × electric motor,150 km/h (93 mph),30 km (19 mi),"3,000 m (9,843 ft)",,1 hours,,
wasp-iii,https://globalmilitary.net/aircraft/wasp-iii/,Wasp III,,0.4 m (1.2 ft),0.7 m (2.4 ft),,,,6 kg (13 lbs),1 × Electric motor,65 km/h (40 mph),5 km (3 mi),"3,333 m (10,935 ft)",,1 hours,,
watchkeeper,https://globalmilitary.net/aircraft/watchkeeper/,Watchkeeper WK450,,6.5 m (21.3 ft),10.9 m (35.8 ft),,,300 kg (661 lbs),"485 kg (1,069 lbs)",1 × UAV Engines Ltd Wankel engine,143 km/h (89 mph),150 km (93 mi),"4,900 m (16,076 ft)",,14 hours,,
wessex,https://globalmilitary.net/aircraft/wessex/,Wessex,2,20.1 m (65.8 ft),17.1 m (56.0 ft),4.8 m (15.8 ft),228.8 m² (2462.8 sqft),"3,783 kg (8,340 lbs)","6,123 kg (13,499 lbs)","2 × de Havilland Gnome H.1200 Mk.110/111 turboshaft 1,010 kW each",212 km/h (132 mph),500 km (311 mi),"3,700 m (12,139 ft)",8.4 m/s (27.6 ft/s),,,
lynx,https://globalmilitary.net/aircraft/lynx/,Westland Lynx,3,15 m (49.2 ft),12.8 m (42.0 ft),3.6 m (11.8 ft),,"2,740 kg (6,041 lbs)","4,760 kg (10,494 lbs)",2 × turboshafts Rolls-Royce Gem 2 671 kW each,300 km/h (186 mph),528 km (328 mi),"3,200 m (10,499 ft)",,,,
westland-scout,https://globalmilitary.net/aircraft/westland-scout/,Westland Scout,1–2,9.3 m (30.3 ft),9.8 m (32.3 ft),2.7 m (8.9 ft),75.9 m² (816.9 sqft),"1,466 kg (3,232 lbs)","2,404 kg (5,300 lbs)",1 × Rolls-Royce Nimbus 101 or 102 511 kW each,211 km/h (131 mph),507 km (315 mi),"5,400 m (17,717 ft)",8.5 m/s (27.9 ft/s),,,
westland-wasp,https://globalmilitary.net/aircraft/westland-wasp/,Westland Wasp,"2 (pilot, aircrewman)",12.3 m (40.3 ft),9.8 m (32.3 ft),2.7 m (8.9 ft),75.9 m² (816.9 sqft),"1,566 kg (3,452 lbs)","2,495 kg (5,501 lbs)",1 × Rolls-Royce Nimbus 103 530 kW each,193 km/h (120 mph),487 km (303 mi),"3,700 m (12,139 ft)",7.3 m/s (24.0 ft/s),,,
wing-loong-i,https://globalmilitary.net/aircraft/wing-loong-i/,Wing Loong I,,9.1 m (29.7 ft),14 m (45.9 ft),2.8 m (9.1 ft),,,"1,100 kg (2,425 lbs)",1 × Rotax 914 75 kW each,280 km/h (174 mph),"4,000 km (2,485 mi)","5,000 m (16,404 ft)",,20 hours,,
wing-loong-ii,https://globalmilitary.net/aircraft/wing-loong-ii/,Wing Loong II,,11 m (36.1 ft),20.5 m (67.3 ft),,,"1,500 kg (3,307 lbs)","4,200 kg (9,259 lbs)",1 × piston engine,370 km/h (230 mph),"1,000 km (621 mi)","9,000 m (29,528 ft)",,32 hours,,
wing-loong-10,https://globalmilitary.net/aircraft/wing-loong-10/,Wing Loong-10,,9 m (29.5 ft),20 m (65.6 ft),3.7 m (12.0 ft),,"2,300 kg (5,071 lbs)","3,200 kg (7,055 lbs)",1 × WP-11C 10 kN each,620 km/h (385 mph),,"15,000 m (49,213 ft)",,20 hours,,
wulung,https://globalmilitary.net/aircraft/wulung/,Wulung,,4.4 m (14.5 ft),6.4 m (20.8 ft),1.5 m (4.9 ft),,65 kg (143 lbs),125 kg (276 lbs),1 × Piston engine 16 kW each,185 km/h (115 mph),150 km (93 mi),"1,600 m (5,249 ft)",,4 hours,,
x31-efm-vector,https://globalmilitary.net/aircraft/x31-efm-vector/,X-31 EFM Vector,1,13.2 m (43.3 ft),7.3 m (23.8 ft),4.4 m (14.6 ft),21.0 m² (226.3 sqft),"5,175 kg (11,409 lbs)","7,303 kg (16,100 lbs)","1 × turbofan General Electric F404-GE-400 7,257 kgf each",1448 km/h (Mach 1.45),,"12,192 m (40,000 ft)",218.0 m/s (715.2 ft/s),,,
x-47b,https://globalmilitary.net/aircraft/x-47b/,X-47B,,11.6 m (38.2 ft),18.9 m (62.0 ft),3.1 m (10.2 ft),88.6 m² (953.6 sqft),"13,080 kg (28,836 lbs)","20,185 kg (44,500 lbs)",1 × Pratt & Whitney F100-220U,1102 km/h (Mach 1.1),"3,900 km (2,423 mi)","12,800 m (41,995 ft)",,6 hours,,
xq-58-valkyrie,https://globalmilitary.net/aircraft/xq-58-valkyrie/,XQ-58 Valkyrie,,9.1 m (29.9 ft),8.2 m (26.9 ft),,,"1,134 kg (2,500 lbs)","2,722 kg (6,001 lbs)",1 × Williams FJ33 8 kN each,1048 km/h (Mach 1.05),"5,600 km (3,480 mi)","14,000 m (45,932 ft)",,,,
y12,https://globalmilitary.net/aircraft/y12/,Y-12,2,18.9 m (61.9 ft),17.2 m (56.6 ft),5.7 m (18.6 ft),34.3 m² (368.9 sqft),"2,840 kg (6,261 lbs)","5,300 kg (11,684 lbs)",2 × turboprops Pratt & Whitney Canada PT6A-27 410 kW each,328 km/h (204 mph),"1,340 km (833 mi)","7,000 m (22,966 ft)",8.1 m/s (26.6 ft/s),,,
y20,https://globalmilitary.net/aircraft/y20/,Y-20,,47 m (154.2 ft),50 m (164.0 ft),15 m (49.2 ft),310 m² (3336.8 sqft),"100,000 kg (220,462 lbs)","222,000 kg (489,426 lbs)","4 × turbofans Soloviev D-30KP-2 12,033 kgf each",926 km/h (575 mph),"10,000 km (6,214 mi)","13,000 m (42,651 ft)",,,,
y7,https://globalmilitary.net/aircraft/y7/,Y-7,3,24.2 m (79.5 ft),29.7 m (97.3 ft),8.6 m (28.1 ft),75.3 m² (810.1 sqft),"14,988 kg (33,043 lbs)","21,800 kg (48,061 lbs)","2 × Dongan WJ-5A 1,800 kW each",503 km/h (313 mph),"1,982 km (1,232 mi)","8,750 m (28,707 ft)",,,,
y8,https://globalmilitary.net/aircraft/y8/,Y-8,2–5,34.0 m (111.6 ft),38 m (124.7 ft),11.2 m (36.6 ft),121.9 m² (1312.1 sqft),"35,490 kg (78,242 lbs)","61,000 kg (134,482 lbs)","4 × Zhuzhou WoJiang-6 (WJ-6) 3,170 kW each",660 km/h (410 mph),"5,615 km (3,489 mi)","10,400 m (34,121 ft)",10.0 m/s (32.8 ft/s),,,
y9,https://globalmilitary.net/aircraft/y9/,Y-9,4,36.1 m (118.3 ft),38 m (124.7 ft),11.3 m (37.1 ft),121.9 m² (1312.1 sqft),,"65,000 kg (143,300 lbs)","4 × WoJiang WJ-6C 3,800 kW each",660 km/h (410 mph),"2,200 km (1,367 mi)","10,400 m (34,121 ft)",,10 hours,,
yf-23-black-widow-ii,https://globalmilitary.net/aircraft/yf-23-black-widow-ii/,YF-23 Black Widow II,1,20.6 m (67.5 ft),13.3 m (43.7 ft),4 m (13.1 ft),84 m² (904.2 sqft),"13,154 kg (29,000 lbs)","28,123 kg (62,001 lbs)",2 × turbojets General Electric YF120,2335 km/h (Mach 2.33),"4,500 km (2,796 mi)","19,812 m (65,000 ft)",,,McDonnell Douglas ACES II,
yfq-48-talon-blue,https://globalmilitary.net/aircraft/yfq-48-talon-blue/,YFQ-48 Talon Blue,,,,,,,,1 × Pratt & Whitney PW500-series,,,,,,,
yabhon-united-40,https://globalmilitary.net/aircraft/yabhon-united-40/,Yabhon United 40,,,20 m (65.6 ft),,,"520 kg (1,146 lbs)","1,500 kg (3,307 lbs)",2 × turboprop engines,220 km/h (137 mph),"2,400 km (1,491 mi)","7,000 m (22,966 ft)",,120 hours,,
yak-11-moose,https://globalmilitary.net/aircraft/yak-11-moose/,Yak-11 Moose,"2 (pilot, instructor)",8.5 m (27.9 ft),9.4 m (30.8 ft),3.3 m (10.8 ft),15.4 m² (165.8 sqft),"1,900 kg (4,189 lbs)","2,500 kg (5,512 lbs)",1 × radial engine Shvetsov ASh-21 419 kW each,465 km/h (289 mph),"1,280 km (795 mi)","7,100 m (23,294 ft)",8.1 m/s (26.6 ft/s),,,
yak-130-mitten,https://globalmilitary.net/aircraft/yak-130-mitten/,Yak-130 Mitten,2,11.5 m (37.7 ft),9.8 m (32.3 ft),4.8 m (15.6 ft),23.5 m² (253.0 sqft),"4,600 kg (10,141 lbs)","10,290 kg (22,686 lbs)","2 × turbofans Ivchenko-Progress AI-222-25 2,500 kgf each",1060 km/h (Mach 1.06),"2,100 km (1,305 mi)","12,500 m (41,011 ft)",65.0 m/s (213.3 ft/s),,Zvezda K-36LT3.5,"335 m (1,099 ft)"
yak-141-freestyle,https://globalmilitary.net/aircraft/yak-141-freestyle/,Yak-141 Freestyle,1,18.4 m (60.2 ft),10.1 m (33.2 ft),5 m (16.4 ft),31.7 m² (341.2 sqft),"11,650 kg (25,684 lbs)","19,500 kg (42,990 lbs)","1 × turbojet Kobchenko R-79V-300 11,022 kgf each",1800 km/h (Mach 1.8),"3,000 km (1,864 mi)","15,500 m (50,853 ft)",250.0 m/s (820.2 ft/s),,Zvezda K-36LT,
yak-15-feather,https://globalmilitary.net/aircraft/yak-15-feather/,Yak-15 Feather,1,8.7 m (28.5 ft),9.2 m (30.2 ft),,14.9 m² (159.8 sqft),"1,852 kg (4,083 lbs)","2,638 kg (5,816 lbs)",1 × turbojet Klimov RD-10 900 kgf each,786 km/h (488 mph),510 km (317 mi),"12,000 m (39,370 ft)",21.6 m/s (70.9 ft/s),,,
yak-152,https://globalmilitary.net/aircraft/yak-152/,Yak-152,1,7.7 m (25.3 ft),8.8 m (28.9 ft),2.5 m (8.1 ft),,,"1,490 kg (3,285 lbs)",1 × V12 piston engine RED Aircraft A03 370 kW each,500 km/h (311 mph),"1,500 km (932 mi)","4,000 m (13,123 ft)",10.0 m/s (32.8 ft/s),,,
yak-18-max,https://globalmilitary.net/aircraft/yak-18-max/,Yak-18 Max,2,8.4 m (27.4 ft),10.6 m (34.8 ft),3.4 m (11.0 ft),17.8 m² (191.6 sqft),"1,025 kg (2,260 lbs)","1,320 kg (2,910 lbs)",1 × radial piston engine Ivchenko AI-14RF 224 kW each,300 km/h (186 mph),700 km (435 mi),"5,060 m (16,601 ft)",,,,
yak-24-horse,https://globalmilitary.net/aircraft/yak-24-horse/,Yak-24 Horse,"3 (2 pilots, radio operator)",22.4 m (73.5 ft),20 m (65.6 ft),6.5 m (21.3 ft),693 m² (7459.4 sqft),"11,000 kg (24,251 lbs)","15,830 kg (34,899 lbs)","2 × radial piston engines Shvetsov ASh-82V 1,300 kW each",175 km/h (109 mph),380 km (236 mi),"4,000 m (13,123 ft)",3.15 m/s (10.3 ft/s),,,
yak-25-flashlight,https://globalmilitary.net/aircraft/yak-25-flashlight/,Yak-25 Flashlight,"2 (pilot, radar intercept operator)",15.7 m (51.4 ft),11.0 m (36.0 ft),,29.0 m² (311.6 sqft),"6,210 kg (13,691 lbs)","9,220 kg (20,327 lbs)","2 × turbojets Mikulin AM-5 2,000 kgf each",1090 km/h (Mach 1.09),"2,700 km (1,678 mi)","12,000 m (39,370 ft)",44.0 m/s (144.4 ft/s),4 hours,,
yak-28-brewer-firebar,https://globalmilitary.net/aircraft/yak-28-brewer-firebar/,Yak-28 Brewer / Firebar,"2 (pilot, WSO)",21.6 m (70.9 ft),12.5 m (41.0 ft),4.0 m (13.0 ft),37.6 m² (404.7 sqft),"9,970 kg (21,980 lbs)","20,000 kg (44,092 lbs)","2 × turbojets Tumansky R-11AF2-300 6,322 kgf each",1840 km/h (Mach 1.84),"2,500 km (1,553 mi)","16,750 m (54,954 ft)",,,Zvezda K-5MN / K-7MN,"1,430 m (4,692 ft)"
yak-36-freehand,https://globalmilitary.net/aircraft/yak-36-freehand/,Yak-36 Freehand,1,17 m (55.8 ft),10 m (32.8 ft),4.5 m (14.8 ft),17 m² (183.0 sqft),"5,300 kg (11,684 lbs)","8,900 kg (19,621 lbs)","2 × turbojets Tumansky R-27-300 5,303 kgf each",900 km/h (559 mph),370 km (230 mi),"12,000 m (39,370 ft)",140.0 m/s (459.3 ft/s),,,
yak-38-forger,https://globalmilitary.net/aircraft/yak-38-forger/,Yak-38 Forger,1,15.5 m (50.9 ft),7.3 m (24.0 ft),4.4 m (14.3 ft),18.5 m² (199.1 sqft),"7,020 kg (15,476 lbs)","11,200 kg (24,692 lbs)","1 × turbofan Tumansky R-27V-300 (+ 2 Rybinsk RD-36-35FVR lift jets) 6,801 kgf each",1210 km/h (Mach 1.21),"1,300 km (808 mi)","11,300 m (37,073 ft)",75.0 m/s (246.1 ft/s),,Zvezda K-36DM,
yak-40-codling,https://globalmilitary.net/aircraft/yak-40-codling/,Yak-40 Codling,"3 (2 pilots, flight mechanic)",20.4 m (66.8 ft),25 m (82.0 ft),6.5 m (21.3 ft),70 m² (753.5 sqft),"9,400 kg (20,723 lbs)","15,500 kg (34,172 lbs)","3 × turbofans Ivchenko AI-25 1,500 kgf each",858 km/h (533 mph),"1,800 km (1,118 mi)","8,000 m (26,247 ft)",8.0 m/s (26.2 ft/s),
yak-42-clobber,https://globalmilitary.net/aircraft/yak-42-clobber/,Yak-42 Clobber,2–3,36.4 m (119.4 ft),34.9 m (114.4 ft),9.8 m (32.3 ft),150 m² (1614.6 sqft),"33,000 kg (72,752 lbs)","57,500 kg (126,766 lbs)",3 × turbofans Lotarev D-36 64 kN each,810 km/h (503 mph),"4,000 km (2,485 mi)","9,600 m (31,496 ft)",,
yak-52,https://globalmilitary.net/aircraft/yak-52/,Yak-52,,7.7 m (25.4 ft),9.3 m (30.5 ft),2.7 m (8.9 ft),15 m² (161.5 sqft),"1,015 kg (2,238 lbs)","1,305 kg (2,877 lbs)",1 × radial engine Vedeneyev M14P 265 kW each,285 km/h (177 mph),550 km (342 mi),"4,000 m (13,123 ft)",7.0 m/s (23.0 ft/s),
yak-9-frank,https://globalmilitary.net/aircraft/yak-9-frank/,Yak-9 Frank,1,8.6 m (28.1 ft),9.7 m (32.0 ft),3 m (9.8 ft),17.2 m² (184.6 sqft),"2,512 kg (5,538 lbs)","3,204 kg (7,064 lbs)","1 × V12 piston engine Klimov VK-107A 1,230 kW each",690 km/h (429 mph),675 km (419 mi),"10,850 m (35,597 ft)",18.9 m/s (62.0 ft/s),
z10,https://globalmilitary.net/aircraft/z10/,Z-10,2,14.2 m (46.4 ft),13 m (42.7 ft),3.9 m (12.6 ft),,"5,540 kg (12,214 lbs)","7,000 kg (15,432 lbs)","2 × turboshafts Zhuzhou WZ-9 1,000 kW each",300 km/h (186 mph),"1,120 km (696 mi)","6,400 m (20,997 ft)",12.0 m/s (39.4 ft/s),
z11,https://globalmilitary.net/aircraft/z11/,Z-11,1,,10.7 m (35.1 ft),3.1 m (10.3 ft),,"1,253 kg (2,762 lbs)","2,200 kg (4,850 lbs)",1 × turboshaft Zhuzhou WZ-8D 632 kW each,278 km/h (173 mph),661 km (411 mi),"5,270 m (17,290 ft)",8.3 m/s (27.2 ft/s),
z18,https://globalmilitary.net/aircraft/z18/,Z-18,,23.0 m (75.6 ft),19 m (62.3 ft),6.7 m (21.9 ft),,"6,865 kg (15,135 lbs)","13,800 kg (30,424 lbs)","3 × turboshafts Changzhou WZ-6C 1,300 kW each",336 km/h (209 mph),"1,000 km (621 mi)","9,000 m (29,528 ft)",,
z19,https://globalmilitary.net/aircraft/z19/,Z-19,"2 (pilot, observer)",12 m (39.4 ft),11.9 m (39.1 ft),4.0 m (13.2 ft),111.8 m² (1203.3 sqft),"2,350 kg (5,181 lbs)","4,250 kg (9,370 lbs)",2 × WZ-8C turboshaft 700 kW each,280 km/h (174 mph),700 km (435 mi),"6,000 m (19,685 ft)",9.0 m/s (29.5 ft/s),4 hours
z20,https://globalmilitary.net/aircraft/z20/,Z-20,2,20 m (65.6 ft),16 m (52.5 ft),5.3 m (17.4 ft),,"5,000 kg (11,023 lbs)","10,000 kg (22,046 lbs)","2 × WZ-10 turboshaft 1,600 kW each",360 km/h (224 mph),560 km (348 mi),"6,000 m (19,685 ft)",7.1 m/s (23.3 ft/s),
z8,https://globalmilitary.net/aircraft/z8/,Z-8,2,23.0 m (75.6 ft),18.9 m (62.0 ft),6.7 m (21.9 ft),,"7,095 kg (15,642 lbs)","13,000 kg (28,660 lbs)","3 × turboshafts Changzhou WZ-6 1,128 kW each",273 km/h (170 mph),800 km (497 mi),"3,050 m (10,007 ft)",6.6 m/s (21.7 ft/s),4 hours
z9-haitun,https://globalmilitary.net/aircraft/z9-haitun/,Z-9 Haitun,,13.7 m (44.9 ft),11.9 m (39.2 ft),3.5 m (11.4 ft),,"2,050 kg (4,519 lbs)","4,100 kg (9,039 lbs)",2 × turboshafts Zhuzhou WZ-8A 544 kW each,315 km/h (196 mph),"1,000 km (621 mi)","6,000 m (19,685 ft)",,
zala-lancet,https://globalmilitary.net/aircraft/zala-lancet/,ZALA Lancet,,1.7 m (5.6 ft),2.4 m (7.9 ft),,,5 kg (11 lbs),12 kg (26 lbs),1 × Electric motor,300 km/h (186 mph),40 km (25 mi),"5,000 m (16,404 ft)",,1 hours
zdk-03-karakoram-eagle,https://globalmilitary.net/aircraft/zdk-03-karakoram-eagle/,ZDK-03 Karakoram Eagle,,34.0 m (111.6 ft),38 m (124.7 ft),11.2 m (36.6 ft),121.9 m² (1312.1 sqft),"35,490 kg (78,242 lbs)","61,000 kg (134,482 lbs)","4 × Zhuzhou WoJiang-6 (WJ-6) 3,170 kW each",660 km/h (410 mph),"5,615 km (3,489 mi)","10,400 m (34,121 ft)",10.0 m/s (32.8 ft/s),
zlin-42,https://globalmilitary.net/aircraft/zlin-42/,Zlin Z 42,2,7.1 m (23.2 ft),9.1 m (29.9 ft),2.7 m (8.8 ft),13.2 m² (141.5 sqft),"600 kg (1,323 lbs)","920 kg (2,028 lbs)",1 × pistons engine Avia M 137A 134 kW each,230 km/h (143 mph),530 km (329 mi),"5,500 m (18,045 ft)",5.0 m/s (16.4 ft/s),
zlin-43,https://globalmilitary.net/aircraft/zlin-43/,Zlin Z 43,1,7.8 m (25.4 ft),9.8 m (32.0 ft),2.9 m (9.5 ft),14.5 m² (156.1 sqft),"730 kg (1,609 lbs)","1,350 kg (2,976 lbs)",1 × Avia M 337A inverted six-cylinder air-cooled inline engine 160 kW each,235 km/h (146 mph),610 km (379 mi),"3,800 m (12,467 ft)",3.5 m/s (11.5 ft/s),
neuron,https://globalmilitary.net/aircraft/neuron/,nEUROn,,9.5 m (31.2 ft),12.5 m (41.0 ft),,,"4,900 kg (10,803 lbs)","7,000 kg (15,432 lbs)","1 × Rolls-Royce/Turboméca Adour 2,948 kgf each",980 km/h (609 mph),"1,852 km (1,151 mi)","14,000 m (45,932 ft)",,3 hours
etendard-ivm,https://globalmilitary.net/aircraft/etendard-ivm/,Étendard IVM,1,14.4 m (47.1 ft),9.6 m (31.5 ft),3.9 m (12.8 ft),28.4 m² (305.7 sqft),"5,897 kg (13,001 lbs)","10,200 kg (22,487 lbs)",1 × SNECMA ATAR 08B 43 kN each,1099 km/h (Mach 1.1),"3,300 km (2,051 mi)","15,500 m (50,853 ft)",100.0 m/s (328.1 ft/s),
